frame.number,frame.time,wlan.sa,wlan.seq,frame.len,radiotap.dbm_antsignal
2341,"Jun 12, 2025 21:06:10.308588842 CEST",40:ee:dd:0e:38:54,1928,305,-66.0
684,"Jun 12, 2025 21:05:10.669726944 CEST",3a:07:16:cb:a7:f4,2584,384,-65.0
1378,"Jun 12, 2025 21:05:35.737089561 CEST",3a:07:16:cb:a7:f4,2788,384,-66.0
574,"Jun 12, 2025 21:05:06.285104849 CEST",40:ee:dd:0e:38:54,1278,305,-66.0
2255,"Jun 12, 2025 21:06:07.047009419 CEST",c4:ea:1d:53:75:c3,1900,243,-75.0
1012,"Jun 12, 2025 21:05:23.133134476 CEST",f2:42:89:7e:73:bd,2543,458,-70.0
1077,"Jun 12, 2025 21:05:25.415231173 CEST",3a:07:16:cb:a7:f4,2704,384,-64.0
1173,"Jun 12, 2025 21:05:28.565002174 CEST",40:ee:dd:0e:38:54,1504,305,-67.0
483,"Jun 12, 2025 21:05:03.296964527 CEST",3a:07:16:cb:a7:f4,2524,384,-65.0
1563,"Jun 12, 2025 21:05:42.912661957 CEST",40:ee:dd:0e:38:54,1649,305,-65.0
1341,"Jun 12, 2025 21:05:34.583545734 CEST",40:ee:dd:0e:38:54,1564,305,-65.0
430,"Jun 12, 2025 21:05:00.965818856 CEST",40:ee:dd:0e:38:54,1223,305,-66.0
1291,"Jun 12, 2025 21:05:32.576527243 CEST",40:ee:dd:0e:38:54,1544,305,-65.0
1465,"Jun 12, 2025 21:05:39.092022824 CEST",c4:ea:1d:53:75:c3,1565,243,-73.0
1407,"Jun 12, 2025 21:05:37.088766474 CEST",3a:07:16:cb:a7:f4,2799,384,-68.0
1560,"Jun 12, 2025 21:05:42.812330972 CEST",40:ee:dd:0e:38:54,1648,305,-65.0
117,"Jun 12, 2025 21:04:50.979913315 CEST",f2:42:89:7e:73:bd,2198,458,-67.0
200,"Jun 12, 2025 21:04:53.138432705 CEST",40:ee:dd:0e:38:54,1143,305,-66.0
2254,"Jun 12, 2025 21:06:06.996989162 CEST",40:ee:dd:0e:38:54,1894,305,-67.0
1573,"Jun 12, 2025 21:05:43.478486354 CEST",3a:07:16:cb:a7:f4,2851,384,-66.0
-2,synthetic,c4:ea:1d:53:75:c3,-1,-1,-74.46831919069665
1139,"Jun 12, 2025 21:05:27.558938554 CEST",40:ee:dd:0e:38:54,1494,305,-65.0
2557,"Jun 12, 2025 21:06:18.376219789 CEST",3a:07:16:cb:a7:f4,3135,384,-70.0
1629,"Jun 12, 2025 21:05:45.456105296 CEST",f2:42:89:7e:73:bd,2780,458,-70.0
116,"Jun 12, 2025 21:04:50.877523828 CEST",f2:42:89:7e:73:bd,2197,458,-68.0
1324,"Jun 12, 2025 21:05:33.881046275 CEST",40:ee:dd:0e:38:54,1557,305,-65.0
1182,"Jun 12, 2025 21:05:28.855852009 CEST",3a:07:16:cb:a7:f4,2732,384,-64.0
1917,"Jun 12, 2025 21:05:55.397797463 CEST",3a:07:16:cb:a7:f4,2948,384,-65.0
282,"Jun 12, 2025 21:04:55.546859084 CEST",40:ee:dd:0e:38:54,1167,305,-66.0
70,"Jun 12, 2025 21:04:49.780239809 CEST",3a:07:16:cb:a7:f4,2414,384,-64.0
558,"Jun 12, 2025 21:05:05.582008875 CEST",40:ee:dd:0e:38:54,1271,305,-65.0
591,"Jun 12, 2025 21:05:06.851724878 CEST",f2:42:89:7e:73:bd,2369,458,-70.0
157,"Jun 12, 2025 21:04:51.746304558 CEST",3a:07:16:cb:a7:f4,2430,384,-63.0
2493,"Jun 12, 2025 21:06:16.128990515 CEST",40:ee:dd:0e:38:54,1989,305,-65.0
230,"Jun 12, 2025 21:04:54.342647850 CEST",40:ee:dd:0e:38:54,1155,305,-66.0
1585,"Jun 12, 2025 21:05:43.970010730 CEST",3a:07:16:cb:a7:f4,2855,384,-66.0
946,"Jun 12, 2025 21:05:20.433989634 CEST",40:ee:dd:0e:38:54,1419,305,-64.0
2040,"Jun 12, 2025 21:06:00.190072654 CEST",3a:07:16:cb:a7:f4,2987,384,-66.0
2076,"Jun 12, 2025 21:06:01.418864667 CEST",3a:07:16:cb:a7:f4,2997,384,-65.0
1712,"Jun 12, 2025 21:05:48.639416177 CEST",3a:07:16:cb:a7:f4,2893,384,-67.0
358,"Jun 12, 2025 21:04:58.859406231 CEST",40:ee:dd:0e:38:54,1200,305,-66.0
79,"Jun 12, 2025 21:04:49.955944136 CEST",f2:42:89:7e:73:bd,2184,458,-66.0
2447,"Jun 12, 2025 21:06:14.321211886 CEST",3a:07:16:cb:a7:f4,3102,384,-66.0
134,"Jun 12, 2025 21:04:51.288164385 CEST",f2:42:89:7e:73:bd,2202,458,-68.0
1387,"Jun 12, 2025 21:05:36.228621899 CEST",3a:07:16:cb:a7:f4,2792,384,-65.0
780,"Jun 12, 2025 21:05:14.514565523 CEST",40:ee:dd:0e:38:54,1360,305,-66.0
1532,"Jun 12, 2025 21:05:41.507761516 CEST",40:ee:dd:0e:38:54,1635,305,-65.0
1379,"Jun 12, 2025 21:05:35.787759132 CEST",40:ee:dd:0e:38:54,1578,305,-65.0
1533,"Jun 12, 2025 21:05:41.608130564 CEST",40:ee:dd:0e:38:54,1636,305,-65.0
550,"Jun 12, 2025 21:05:05.280963749 CEST",40:ee:dd:0e:38:54,1268,305,-66.0
2455,"Jun 12, 2025 21:06:14.689839838 CEST",3a:07:16:cb:a7:f4,3105,384,-67.0
2278,"Jun 12, 2025 21:06:08.000525156 CEST",40:ee:dd:0e:38:54,1904,305,-65.0
2519,"Jun 12, 2025 21:06:16.934546515 CEST",40:ee:dd:0e:38:54,1997,305,-64.0
588,"Jun 12, 2025 21:05:06.786216338 CEST",40:ee:dd:0e:38:54,1283,305,-65.0
1928,"Jun 12, 2025 21:05:55.858021909 CEST",40:ee:dd:0e:38:54,1781,305,-65.0
2499,"Jun 12, 2025 21:06:16.329665685 CEST",40:ee:dd:0e:38:54,1991,305,-65.0
391,"Jun 12, 2025 21:05:00.102089816 CEST",3a:07:16:cb:a7:f4,2498,384,-65.0
1395,"Jun 12, 2025 21:05:36.547414463 CEST",f2:42:89:7e:73:bd,2689,458,-70.0
2337,"Jun 12, 2025 21:06:10.143310422 CEST",3a:07:16:cb:a7:f4,3068,384,-66.0
508,"Jun 12, 2025 21:05:04.277409946 CEST",40:ee:dd:0e:38:54,1256,305,-65.0
554,"Jun 12, 2025 21:05:05.418144253 CEST",f2:42:89:7e:73:bd,2355,458,-71.0
461,"Jun 12, 2025 21:05:02.346199908 CEST",f2:42:89:7e:73:bd,2317,458,-70.0
721,"Jun 12, 2025 21:05:12.006225391 CEST",40:ee:dd:0e:38:54,1335,305,-66.0
1410,"Jun 12, 2025 21:05:37.192648749 CEST",40:ee:dd:0e:38:54,1592,305,-66.0
530,"Jun 12, 2025 21:05:04.771504062 CEST",3a:07:16:cb:a7:f4,2536,384,-65.0
1795,"Jun 12, 2025 21:05:51.843970541 CEST",40:ee:dd:0e:38:54,1739,305,-65.0
1286,"Jun 12, 2025 21:05:32.375778112 CEST",40:ee:dd:0e:38:54,1542,305,-65.0
1411,"Jun 12, 2025 21:05:37.211640759 CEST",3a:07:16:cb:a7:f4,2800,384,-66.0
555,"Jun 12, 2025 21:05:05.481668462 CEST",40:ee:dd:0e:38:54,1270,305,-65.0
732,"Jun 12, 2025 21:05:12.405887666 CEST",40:ee:dd:0e:38:54,1339,305,-65.0
620,"Jun 12, 2025 21:05:07.843484095 CEST",3a:07:16:cb:a7:f4,2561,384,-65.0
2298,"Jun 12, 2025 21:06:08.705728101 CEST",40:ee:dd:0e:38:54,1912,305,-65.0
2292,"Jun 12, 2025 21:06:08.583026185 CEST",c4:ea:1d:53:75:c3,1923,243,-75.0
705,"Jun 12, 2025 21:05:11.402359145 CEST",40:ee:dd:0e:38:54,1329,305,-66.0
708,"Jun 12, 2025 21:05:11.529862649 CEST",3a:07:16:cb:a7:f4,2591,384,-65.0
1212,"Jun 12, 2025 21:05:30.084639692 CEST",3a:07:16:cb:a7:f4,2742,384,-64.0
379,"Jun 12, 2025 21:04:59.610580106 CEST",3a:07:16:cb:a7:f4,2494,384,-64.0
2485,"Jun 12, 2025 21:06:15.672874063 CEST",3a:07:16:cb:a7:f4,3113,384,-65.0
613,"Jun 12, 2025 21:05:07.589020382 CEST",40:ee:dd:0e:38:54,1291,305,-66.0
2539,"Jun 12, 2025 21:06:17.638936926 CEST",3a:07:16:cb:a7:f4,3129,384,-64.0
1759,"Jun 12, 2025 21:05:50.339513026 CEST",40:ee:dd:0e:38:54,1724,305,-66.0
2284,"Jun 12, 2025 21:06:08.201192085 CEST",40:ee:dd:0e:38:54,1906,305,-67.0
1995,"Jun 12, 2025 21:05:58.366792193 CEST",40:ee:dd:0e:38:54,1806,305,-67.0
1444,"Jun 12, 2025 21:05:38.440444855 CEST",3a:07:16:cb:a7:f4,2810,384,-67.0
2421,"Jun 12, 2025 21:06:13.118411027 CEST",40:ee:dd:0e:38:54,1959,305,-64.0
1980,"Jun 12, 2025 21:05:57.978283710 CEST",3a:07:16:cb:a7:f4,2969,384,-65.0
1360,"Jun 12, 2025 21:05:35.185618735 CEST",40:ee:dd:0e:38:54,1572,305,-68.0
2281,"Jun 12, 2025 21:06:08.100879328 CEST",40:ee:dd:0e:38:54,1905,305,-66.0
1327,"Jun 12, 2025 21:05:34.016780295 CEST",3a:07:16:cb:a7:f4,2774,384,-65.0
2273,"Jun 12, 2025 21:06:07.779032605 CEST",f2:42:89:7e:73:bd,3017,458,-71.0
1994,"Jun 12, 2025 21:05:58.358329455 CEST",f2:42:89:7e:73:bd,2915,458,-71.0
1582,"Jun 12, 2025 21:05:43.847123805 CEST",3a:07:16:cb:a7:f4,2854,384,-67.0
334,"Jun 12, 2025 21:04:57.635857203 CEST",f2:42:89:7e:73:bd,2266,458,-69.0
1646,"Jun 12, 2025 21:05:46.023588493 CEST",40:ee:dd:0e:38:54,1681,305,-65.0
1956,"Jun 12, 2025 21:05:57.062222387 CEST",40:ee:dd:0e:38:54,1793,305,-65.0
43,"Jun 12, 2025 21:04:48.923713920 CEST",40:ee:dd:0e:38:54,1101,305,-67.0
473,"Jun 12, 2025 21:05:02.872521936 CEST",40:ee:dd:0e:38:54,1242,305,-65.0
889,"Jun 12, 2025 21:05:18.165346533 CEST",3a:07:16:cb:a7:f4,2645,384,-66.0
384,"Jun 12, 2025 21:04:59.761622079 CEST",40:ee:dd:0e:38:54,1211,305,-66.0
1102,"Jun 12, 2025 21:05:26.255217319 CEST",40:ee:dd:0e:38:54,1477,305,-68.0
742,"Jun 12, 2025 21:05:12.907627378 CEST",40:ee:dd:0e:38:54,1344,305,-65.0
2492,"Jun 12, 2025 21:06:16.028609733 CEST",40:ee:dd:0e:38:54,1988,305,-68.0
1311,"Jun 12, 2025 21:05:33.480197256 CEST",40:ee:dd:0e:38:54,1553,305,-66.0
1977,"Jun 12, 2025 21:05:57.865018259 CEST",40:ee:dd:0e:38:54,1801,305,-66.0
2229,"Jun 12, 2025 21:06:06.294534471 CEST",40:ee:dd:0e:38:54,1887,305,-66.0
1018,"Jun 12, 2025 21:05:23.326291092 CEST",3a:07:16:cb:a7:f4,2687,384,-65.0
977,"Jun 12, 2025 21:05:21.537879521 CEST",40:ee:dd:0e:38:54,1430,305,-64.0
1367,"Jun 12, 2025 21:05:35.286473808 CEST",40:ee:dd:0e:38:54,1573,305,-65.0
734,"Jun 12, 2025 21:05:12.506241210 CEST",40:ee:dd:0e:38:54,1340,305,-66.0
1797,"Jun 12, 2025 21:05:51.944294053 CEST",40:ee:dd:0e:38:54,1740,305,-65.0
357,"Jun 12, 2025 21:04:58.758091323 CEST",40:ee:dd:0e:38:54,1199,305,-65.0
1198,"Jun 12, 2025 21:05:29.584269219 CEST",f2:42:89:7e:73:bd,2610,458,-70.0
2082,"Jun 12, 2025 21:06:01.664633420 CEST",3a:07:16:cb:a7:f4,2999,384,-67.0
1488,"Jun 12, 2025 21:05:39.701445573 CEST",40:ee:dd:0e:38:54,1617,305,-65.0
1135,"Jun 12, 2025 21:05:27.458579004 CEST",40:ee:dd:0e:38:54,1493,305,-65.0
2081,"Jun 12, 2025 21:06:01.635137979 CEST",f2:42:89:7e:73:bd,2947,458,-69.0
552,"Jun 12, 2025 21:05:05.381283629 CEST",40:ee:dd:0e:38:54,1269,305,-66.0
638,"Jun 12, 2025 21:05:08.494595176 CEST",40:ee:dd:0e:38:54,1300,305,-66.0
1688,"Jun 12, 2025 21:05:47.729529312 CEST",40:ee:dd:0e:38:54,1698,305,-66.0
2504,"Jun 12, 2025 21:06:16.467787299 CEST",c4:ea:1d:53:75:c3,2018,243,-78.0
359,"Jun 12, 2025 21:04:58.864659902 CEST",f2:42:89:7e:73:bd,2278,458,-69.0
604,"Jun 12, 2025 21:05:07.261329688 CEST",f2:42:89:7e:73:bd,2373,458,-70.0
2203,"Jun 12, 2025 21:06:05.491746561 CEST",40:ee:dd:0e:38:54,1879,305,-65.0
1982,"Jun 12, 2025 21:05:58.166075887 CEST",40:ee:dd:0e:38:54,1804,305,-66.0
720,"Jun 12, 2025 21:05:11.971675886 CEST",f2:42:89:7e:73:bd,2424,458,-69.0
2565,"Jun 12, 2025 21:06:18.735718298 CEST",f2:42:89:7e:73:bd,3139,458,-70.0
1107,"Jun 12, 2025 21:05:26.455050902 CEST",40:ee:dd:0e:38:54,1481,305,-66.0
640,"Jun 12, 2025 21:05:08.693010142 CEST",40:ee:dd:0e:38:54,1302,305,-65.0
765,"Jun 12, 2025 21:05:13.911160648 CEST",40:ee:dd:0e:38:54,1354,305,-65.0
843,"Jun 12, 2025 21:05:16.520276305 CEST",40:ee:dd:0e:38:54,1380,305,-66.0
2400,"Jun 12, 2025 21:06:12.355145112 CEST",3a:07:16:cb:a7:f4,3086,384,-65.0
1392,"Jun 12, 2025 21:05:36.444975878 CEST",f2:42:89:7e:73:bd,2688,458,-71.0
224,"Jun 12, 2025 21:04:54.141969258 CEST",40:ee:dd:0e:38:54,1153,305,-65.0
1896,"Jun 12, 2025 21:05:54.754135374 CEST",40:ee:dd:0e:38:54,1770,305,-66.0
630,"Jun 12, 2025 21:05:08.291469555 CEST",40:ee:dd:0e:38:54,1298,305,-66.0
2173,"Jun 12, 2025 21:06:04.588561596 CEST",40:ee:dd:0e:38:54,1868,305,-68.0
155,"Jun 12, 2025 21:04:51.633161679 CEST",40:ee:dd:0e:38:54,1129,305,-65.0
1314,"Jun 12, 2025 21:05:33.525262135 CEST",3a:07:16:cb:a7:f4,2770,384,-66.0
1357,"Jun 12, 2025 21:05:34.985467025 CEST",40:ee:dd:0e:38:54,1570,305,-64.0
568,"Jun 12, 2025 21:05:06.032551085 CEST",f2:42:89:7e:73:bd,2361,458,-70.0
748,"Jun 12, 2025 21:05:13.110264668 CEST",40:ee:dd:0e:38:54,1346,305,-66.0
1745,"Jun 12, 2025 21:05:49.756842632 CEST",f2:42:89:7e:73:bd,2823,458,-70.0
1824,"Jun 12, 2025 21:05:52.847488027 CEST",40:ee:dd:0e:38:54,1749,305,-66.0
2336,"Jun 12, 2025 21:06:10.107886574 CEST",40:ee:dd:0e:38:54,1926,305,-64.0
1081,"Jun 12, 2025 21:05:25.551887518 CEST",40:ee:dd:0e:38:54,1470,305,-65.0
2526,"Jun 12, 2025 21:06:17.032111925 CEST",40:ee:dd:0e:38:54,1998,305,-66.0
2317,"Jun 12, 2025 21:06:09.315004183 CEST",f2:42:89:7e:73:bd,3034,458,-71.0
183,"Jun 12, 2025 21:04:52.636674416 CEST",40:ee:dd:0e:38:54,1138,305,-65.0
750,"Jun 12, 2025 21:05:13.250186372 CEST",3a:07:16:cb:a7:f4,2605,384,-66.0
396,"Jun 12, 2025 21:05:00.263396990 CEST",40:ee:dd:0e:38:54,1216,305,-66.0
1384,"Jun 12, 2025 21:05:35.990209458 CEST",40:ee:dd:0e:38:54,1580,305,-65.0
415,"Jun 12, 2025 21:05:00.593606090 CEST",3a:07:16:cb:a7:f4,2502,384,-64.0
1678,"Jun 12, 2025 21:05:47.287745828 CEST",3a:07:16:cb:a7:f4,2882,384,-64.0
1056,"Jun 12, 2025 21:05:24.648754235 CEST",40:ee:dd:0e:38:54,1461,305,-66.0
1772,"Jun 12, 2025 21:05:50.728382169 CEST",3a:07:16:cb:a7:f4,2910,384,-67.0
635,"Jun 12, 2025 21:05:08.392189975 CEST",40:ee:dd:0e:38:54,1299,305,-66.0
761,"Jun 12, 2025 21:05:13.710471021 CEST",40:ee:dd:0e:38:54,1352,305,-64.0
279,"Jun 12, 2025 21:04:55.446498556 CEST",40:ee:dd:0e:38:54,1166,305,-66.0
1528,"Jun 12, 2025 21:05:41.389537823 CEST",3a:07:16:cb:a7:f4,2834,384,-64.0
986,"Jun 12, 2025 21:05:21.974623397 CEST",3a:07:16:cb:a7:f4,2676,384,-65.0
2413,"Jun 12, 2025 21:06:12.817370650 CEST",40:ee:dd:0e:38:54,1956,305,-65.0
450,"Jun 12, 2025 21:05:01.768628626 CEST",40:ee:dd:0e:38:54,1231,305,-65.0
1667,"Jun 12, 2025 21:05:46.727419267 CEST",40:ee:dd:0e:38:54,1688,305,-65.0
2137,"Jun 12, 2025 21:06:03.375874982 CEST",f2:42:89:7e:73:bd,2964,459,-69.0
2090,"Jun 12, 2025 21:06:01.979444542 CEST",40:ee:dd:0e:38:54,1842,305,-64.0
1606,"Jun 12, 2025 21:05:44.618672826 CEST",40:ee:dd:0e:38:54,1666,305,-65.0
1029,"Jun 12, 2025 21:05:23.817795563 CEST",3a:07:16:cb:a7:f4,2691,384,-66.0
592,"Jun 12, 2025 21:05:06.860452873 CEST",3a:07:16:cb:a7:f4,2553,384,-66.0
1908,"Jun 12, 2025 21:05:55.156000583 CEST",40:ee:dd:0e:38:54,1774,305,-66.0
1082,"Jun 12, 2025 21:05:25.652284153 CEST",40:ee:dd:0e:38:54,1471,305,-66.0
791,"Jun 12, 2025 21:05:14.970488933 CEST",3a:07:16:cb:a7:f4,2619,384,-67.0
1165,"Jun 12, 2025 21:05:28.361724020 CEST",40:ee:dd:0e:38:54,1502,305,-65.0
2149,"Jun 12, 2025 21:06:03.886112213 CEST",40:ee:dd:0e:38:54,1861,305,-65.0
336,"Jun 12, 2025 21:04:57.754621608 CEST",40:ee:dd:0e:38:54,1189,305,-64.0
364,"Jun 12, 2025 21:04:59.059187223 CEST",40:ee:dd:0e:38:54,1202,305,-66.0
2121,"Jun 12, 2025 21:06:02.863878450 CEST",f2:42:89:7e:73:bd,2959,458,-69.0
497,"Jun 12, 2025 21:05:03.914827176 CEST",3a:07:16:cb:a7:f4,2529,384,-66.0
329,"Jun 12, 2025 21:04:57.398755823 CEST",3a:07:16:cb:a7:f4,2476,384,-64.0
291,"Jun 12, 2025 21:04:55.847931448 CEST",40:ee:dd:0e:38:54,1170,305,-66.0
225,"Jun 12, 2025 21:04:54.154296664 CEST",f2:42:89:7e:73:bd,2232,458,-70.0
2017,"Jun 12, 2025 21:05:59.207039057 CEST",3a:07:16:cb:a7:f4,2979,384,-66.0
295,"Jun 12, 2025 21:04:55.948254261 CEST",40:ee:dd:0e:38:54,1171,305,-65.0
154,"Jun 12, 2025 21:04:51.623412604 CEST",3a:07:16:cb:a7:f4,2429,384,-64.0
1814,"Jun 12, 2025 21:05:52.449044273 CEST",3a:07:16:cb:a7:f4,2924,384,-65.0
140,"Jun 12, 2025 21:04:51.432476592 CEST",40:ee:dd:0e:38:54,1127,305,-64.0
2077,"Jun 12, 2025 21:06:01.477670888 CEST",40:ee:dd:0e:38:54,1837,305,-66.0
156,"Jun 12, 2025 21:04:51.733534149 CEST",40:ee:dd:0e:38:54,1130,305,-65.0
2478,"Jun 12, 2025 21:06:15.551593906 CEST",3a:07:16:cb:a7:f4,3112,384,-64.0
283,"Jun 12, 2025 21:04:55.555547759 CEST",3a:07:16:cb:a7:f4,2461,384,-65.0
1279,"Jun 12, 2025 21:05:32.043709418 CEST",f2:42:89:7e:73:bd,2638,458,-70.0
2445,"Jun 12, 2025 21:06:14.198316370 CEST",3a:07:16:cb:a7:f4,3101,384,-65.0
938,"Jun 12, 2025 21:05:20.008543912 CEST",3a:07:16:cb:a7:f4,2660,384,-67.0
1687,"Jun 12, 2025 21:05:47.656385304 CEST",3a:07:16:cb:a7:f4,2885,384,-67.0
2182,"Jun 12, 2025 21:06:04.809442757 CEST",f2:42:89:7e:73:bd,2980,458,-70.0
229,"Jun 12, 2025 21:04:54.327312241 CEST",3a:07:16:cb:a7:f4,2451,384,-64.0
2427,"Jun 12, 2025 21:06:13.419477105 CEST",40:ee:dd:0e:38:54,1962,305,-66.0
605,"Jun 12, 2025 21:05:07.287960729 CEST",40:ee:dd:0e:38:54,1288,305,-66.0
2059,"Jun 12, 2025 21:06:00.875575258 CEST",40:ee:dd:0e:38:54,1831,305,-66.0
756,"Jun 12, 2025 21:05:13.507643064 CEST",f2:42:89:7e:73:bd,2439,458,-70.0
475,"Jun 12, 2025 21:05:02.972860184 CEST",40:ee:dd:0e:38:54,1243,305,-66.0
2189,"Jun 12, 2025 21:06:04.982366911 CEST",3a:07:16:cb:a7:f4,3026,384,-66.0
1671,"Jun 12, 2025 21:05:46.929190456 CEST",40:ee:dd:0e:38:54,1690,305,-64.0
798,"Jun 12, 2025 21:05:15.115580498 CEST",40:ee:dd:0e:38:54,1366,305,-65.0
593,"Jun 12, 2025 21:05:06.886564853 CEST",40:ee:dd:0e:38:54,1284,305,-65.0
1267,"Jun 12, 2025 21:05:31.673356526 CEST",40:ee:dd:0e:38:54,1535,305,-65.0
2547,"Jun 12, 2025 21:06:17.916489610 CEST",f2:42:89:7e:73:bd,3131,458,-71.0
51,"Jun 12, 2025 21:04:49.136743594 CEST",f2:42:89:7e:73:bd,2176,458,-68.0
1685,"Jun 12, 2025 21:05:47.629204473 CEST",40:ee:dd:0e:38:54,1697,305,-66.0
1567,"Jun 12, 2025 21:05:43.213715744 CEST",40:ee:dd:0e:38:54,1652,305,-66.0
1085,"Jun 12, 2025 21:05:25.752607525 CEST",40:ee:dd:0e:38:54,1472,305,-66.0
1484,"Jun 12, 2025 21:05:39.601088397 CEST",40:ee:dd:0e:38:54,1616,305,-65.0
363,"Jun 12, 2025 21:04:58.996173623 CEST",3a:07:16:cb:a7:f4,2489,384,-66.0
816,"Jun 12, 2025 21:05:15.707759643 CEST",3a:07:16:cb:a7:f4,2625,384,-65.0
499,"Jun 12, 2025 21:05:03.976367334 CEST",40:ee:dd:0e:38:54,1253,305,-65.0
1271,"Jun 12, 2025 21:05:31.773689466 CEST",40:ee:dd:0e:38:54,1536,305,-66.0
2071,"Jun 12, 2025 21:06:01.276969598 CEST",40:ee:dd:0e:38:54,1835,305,-66.0
1293,"Jun 12, 2025 21:05:32.676830850 CEST",40:ee:dd:0e:38:54,1545,305,-66.0
955,"Jun 12, 2025 21:05:20.835389910 CEST",40:ee:dd:0e:38:54,1423,305,-66.0
939,"Jun 12, 2025 21:05:20.032584469 CEST",40:ee:dd:0e:38:54,1415,305,-65.0
2552,"Jun 12, 2025 21:06:18.121295752 CEST",f2:42:89:7e:73:bd,3133,458,-68.0
678,"Jun 12, 2025 21:05:10.423949460 CEST",3a:07:16:cb:a7:f4,2582,384,-66.0
1559,"Jun 12, 2025 21:05:42.741210965 CEST",3a:07:16:cb:a7:f4,2845,384,-66.0
812,"Jun 12, 2025 21:05:15.584884870 CEST",3a:07:16:cb:a7:f4,2624,384,-66.0
950,"Jun 12, 2025 21:05:20.534341571 CEST",40:ee:dd:0e:38:54,1420,305,-64.0
909,"Jun 12, 2025 21:05:18.928698563 CEST",40:ee:dd:0e:38:54,1404,305,-65.0
375,"Jun 12, 2025 21:04:59.460559004 CEST",40:ee:dd:0e:38:54,1208,305,-69.0
1931,"Jun 12, 2025 21:05:55.960066589 CEST",40:ee:dd:0e:38:54,1782,305,-65.0
1016,"Jun 12, 2025 21:05:23.243830257 CEST",40:ee:dd:0e:38:54,1447,305,-65.0
1616,"Jun 12, 2025 21:05:44.953052987 CEST",3a:07:16:cb:a7:f4,2863,384,-65.0
1274,"Jun 12, 2025 21:05:31.874037353 CEST",40:ee:dd:0e:38:54,1537,305,-65.0
88,"Jun 12, 2025 21:04:50.271741557 CEST",3a:07:16:cb:a7:f4,2418,384,-63.0
480,"Jun 12, 2025 21:05:03.174071874 CEST",3a:07:16:cb:a7:f4,2523,384,-65.0
173,"Jun 12, 2025 21:04:52.335621887 CEST",40:ee:dd:0e:38:54,1135,305,-66.0
1153,"Jun 12, 2025 21:05:27.960343160 CEST",40:ee:dd:0e:38:54,1498,305,-66.0
49,"Jun 12, 2025 21:04:49.043143004 CEST",3a:07:16:cb:a7:f4,2408,384,-66.0
426,"Jun 12, 2025 21:05:00.912601474 CEST",f2:42:89:7e:73:bd,2299,458,-69.0
621,"Jun 12, 2025 21:05:07.875711517 CEST",f2:42:89:7e:73:bd,2380,458,-69.0
2285,"Jun 12, 2025 21:06:08.301580200 CEST",40:ee:dd:0e:38:54,1907,305,-63.0
-2,synthetic,c4:ea:1d:53:75:c3,-1,-1,-75.96631450401712
1602,"Jun 12, 2025 21:05:44.518283035 CEST",40:ee:dd:0e:38:54,1665,305,-66.0
1194,"Jun 12, 2025 21:05:29.465593513 CEST",40:ee:dd:0e:38:54,1513,305,-65.0
199,"Jun 12, 2025 21:04:53.130302412 CEST",f2:42:89:7e:73:bd,2222,458,-71.0
1019,"Jun 12, 2025 21:05:23.337931399 CEST",f2:42:89:7e:73:bd,2545,459,-70.0
776,"Jun 12, 2025 21:05:14.413584246 CEST",40:ee:dd:0e:38:54,1359,305,-65.0
2544,"Jun 12, 2025 21:06:17.761821478 CEST",3a:07:16:cb:a7:f4,3130,384,-66.0
494,"Jun 12, 2025 21:05:03.788465646 CEST",3a:07:16:cb:a7:f4,2528,384,-66.0
1059,"Jun 12, 2025 21:05:24.771512443 CEST",f2:42:89:7e:73:bd,2561,458,-71.0
1131,"Jun 12, 2025 21:05:27.398608878 CEST",3a:07:16:cb:a7:f4,2720,384,-66.0
2263,"Jun 12, 2025 21:06:07.398395584 CEST",40:ee:dd:0e:38:54,1898,305,-65.0
1403,"Jun 12, 2025 21:05:36.891984677 CEST",40:ee:dd:0e:38:54,1589,305,-66.0
1155,"Jun 12, 2025 21:05:28.048281507 CEST",f2:42:89:7e:73:bd,2593,458,-70.0
691,"Jun 12, 2025 21:05:10.792587330 CEST",3a:07:16:cb:a7:f4,2585,384,-65.0
1304,"Jun 12, 2025 21:05:33.156636976 CEST",3a:07:16:cb:a7:f4,2767,384,-64.0
1828,"Jun 12, 2025 21:05:53.048157540 CEST",40:ee:dd:0e:38:54,1751,305,-66.0
641,"Jun 12, 2025 21:05:08.703655420 CEST",3a:07:16:cb:a7:f4,2568,384,-64.0
1256,"Jun 12, 2025 21:05:31.271933132 CEST",40:ee:dd:0e:38:54,1531,305,-65.0
1656,"Jun 12, 2025 21:05:46.304709647 CEST",3a:07:16:cb:a7:f4,2874,384,-66.0
1778,"Jun 12, 2025 21:05:50.974126827 CEST",3a:07:16:cb:a7:f4,2912,384,-68.0
1648,"Jun 12, 2025 21:05:46.123940570 CEST",40:ee:dd:0e:38:54,1682,305,-66.0
2496,"Jun 12, 2025 21:06:16.229315144 CEST",40:ee:dd:0e:38:54,1990,305,-65.0
2310,"Jun 12, 2025 21:06:09.104390669 CEST",40:ee:dd:0e:38:54,1916,305,-66.0
1491,"Jun 12, 2025 21:05:39.824668086 CEST",f2:42:89:7e:73:bd,2724,458,-71.0
2486,"Jun 12, 2025 21:06:15.727561185 CEST",40:ee:dd:0e:38:54,1985,305,-64.0
892,"Jun 12, 2025 21:05:18.288243377 CEST",3a:07:16:cb:a7:f4,2646,384,-65.0
1822,"Jun 12, 2025 21:05:52.760077261 CEST",40:ee:dd:0e:38:54,1748,305,-65.0
667,"Jun 12, 2025 21:05:10.097802190 CEST",40:ee:dd:0e:38:54,1316,305,-65.0
2097,"Jun 12, 2025 21:06:02.156170856 CEST",3a:07:16:cb:a7:f4,3003,384,-64.0
2295,"Jun 12, 2025 21:06:08.668747142 CEST",3a:07:16:cb:a7:f4,3056,384,-65.0
519,"Jun 12, 2025 21:05:04.478872296 CEST",40:ee:dd:0e:38:54,1258,305,-65.0
852,"Jun 12, 2025 21:05:16.921761647 CEST",40:ee:dd:0e:38:54,1384,305,-66.0
527,"Jun 12, 2025 21:05:04.648621885 CEST",3a:07:16:cb:a7:f4,2535,384,-64.0
1070,"Jun 12, 2025 21:05:25.046612720 CEST",3a:07:16:cb:a7:f4,2701,384,-65.0
1457,"Jun 12, 2025 21:05:38.816904878 CEST",3a:07:16:cb:a7:f4,2813,384,-67.0
1489,"Jun 12, 2025 21:05:39.792109476 CEST",3a:07:16:cb:a7:f4,2821,384,-65.0
1166,"Jun 12, 2025 21:05:28.364706103 CEST",3a:07:16:cb:a7:f4,2728,384,-65.0
755,"Jun 12, 2025 21:05:13.495932776 CEST",3a:07:16:cb:a7:f4,2607,384,-67.0
356,"Jun 12, 2025 21:04:58.750426870 CEST",3a:07:16:cb:a7:f4,2487,384,-65.0
1639,"Jun 12, 2025 21:05:45.813198192 CEST",3a:07:16:cb:a7:f4,2870,384,-66.0
1725,"Jun 12, 2025 21:05:49.008056421 CEST",3a:07:16:cb:a7:f4,2896,384,-65.0
52,"Jun 12, 2025 21:04:49.165830952 CEST",3a:07:16:cb:a7:f4,2409,384,-66.0
89,"Jun 12, 2025 21:04:50.328579371 CEST",40:ee:dd:0e:38:54,1116,305,-66.0
1721,"Jun 12, 2025 21:05:48.885177596 CEST",3a:07:16:cb:a7:f4,2895,384,-65.0
1525,"Jun 12, 2025 21:05:41.266671989 CEST",3a:07:16:cb:a7:f4,2833,384,-66.0
1999,"Jun 12, 2025 21:05:58.665534792 CEST",f2:42:89:7e:73:bd,2918,459,-70.0
772,"Jun 12, 2025 21:05:14.233938566 CEST",3a:07:16:cb:a7:f4,2613,384,-65.0
261,"Jun 12, 2025 21:04:54.844389238 CEST",40:ee:dd:0e:38:54,1160,305,-65.0
1693,"Jun 12, 2025 21:05:47.930212513 CEST",40:ee:dd:0e:38:54,1700,305,-64.0
1138,"Jun 12, 2025 21:05:27.520896077 CEST",c4:ea:1d:53:75:c3,1419,243,-75.0
1161,"Jun 12, 2025 21:05:28.241468504 CEST",3a:07:16:cb:a7:f4,2727,384,-65.0
1290,"Jun 12, 2025 21:05:32.542226443 CEST",3a:07:16:cb:a7:f4,2762,384,-65.0
2401,"Jun 12, 2025 21:06:12.386959353 CEST",f2:42:89:7e:73:bd,3068,458,-71.0
1973,"Jun 12, 2025 21:05:57.732487579 CEST",3a:07:16:cb:a7:f4,2967,384,-67.0
510,"Jun 12, 2025 21:05:04.394167042 CEST",f2:42:89:7e:73:bd,2345,458,-68.0
741,"Jun 12, 2025 21:05:12.881537608 CEST",3a:07:16:cb:a7:f4,2602,384,-67.0
1220,"Jun 12, 2025 21:05:30.207548059 CEST",3a:07:16:cb:a7:f4,2743,384,-64.0
1469,"Jun 12, 2025 21:05:39.194406863 CEST",c4:ea:1d:53:75:c3,1566,243,-75.0
1913,"Jun 12, 2025 21:05:55.274900969 CEST",3a:07:16:cb:a7:f4,2947,384,-67.0
987,"Jun 12, 2025 21:05:22.039610852 CEST",40:ee:dd:0e:38:54,1435,305,-65.0
1808,"Jun 12, 2025 21:05:52.325816591 CEST",3a:07:16:cb:a7:f4,2923,384,-64.0
1377,"Jun 12, 2025 21:05:35.687395252 CEST",40:ee:dd:0e:38:54,1577,305,-65.0
1398,"Jun 12, 2025 21:05:36.690902123 CEST",40:ee:dd:0e:38:54,1587,305,-66.0
37,"Jun 12, 2025 21:04:48.722964649 CEST",40:ee:dd:0e:38:54,1099,305,-64.0
1118,"Jun 12, 2025 21:05:26.859502543 CEST",40:ee:dd:0e:38:54,1485,305,-65.0
330,"Jun 12, 2025 21:04:57.453524240 CEST",40:ee:dd:0e:38:54,1186,305,-65.0
1400,"Jun 12, 2025 21:05:36.720123437 CEST",3a:07:16:cb:a7:f4,2796,384,-65.0
995,"Jun 12, 2025 21:05:22.340653673 CEST",40:ee:dd:0e:38:54,1438,305,-64.0
2402,"Jun 12, 2025 21:06:12.415952355 CEST",40:ee:dd:0e:38:54,1952,305,-67.0
919,"Jun 12, 2025 21:05:19.271263354 CEST",3a:07:16:cb:a7:f4,2654,384,-64.0
1501,"Jun 12, 2025 21:05:40.283624913 CEST",3a:07:16:cb:a7:f4,2825,384,-64.0
921,"Jun 12, 2025 21:05:19.394158102 CEST",3a:07:16:cb:a7:f4,2655,384,-65.0
943,"Jun 12, 2025 21:05:20.333621284 CEST",40:ee:dd:0e:38:54,1418,305,-65.0
2259,"Jun 12, 2025 21:06:07.195165131 CEST",3a:07:16:cb:a7:f4,3044,384,-64.0
2437,"Jun 12, 2025 21:06:13.921256906 CEST",40:ee:dd:0e:38:54,1967,305,-65.0
2231,"Jun 12, 2025 21:06:06.334041101 CEST",3a:07:16:cb:a7:f4,3037,384,-65.0
1941,"Jun 12, 2025 21:05:56.380844958 CEST",3a:07:16:cb:a7:f4,2956,384,-64.0
1633,"Jun 12, 2025 21:05:45.622146592 CEST",40:ee:dd:0e:38:54,1677,305,-65.0
2303,"Jun 12, 2025 21:06:08.787799990 CEST",c4:ea:1d:53:75:c3,1925,243,-76.0
548,"Jun 12, 2025 21:05:05.180590441 CEST",40:ee:dd:0e:38:54,1267,305,-64.0
725,"Jun 12, 2025 21:05:12.144294554 CEST",3a:07:16:cb:a7:f4,2596,384,-66.0
344,"Jun 12, 2025 21:04:58.132274101 CEST",c4:ea:1d:53:75:c3,1021,243,-76.0
2428,"Jun 12, 2025 21:06:13.461035812 CEST",3a:07:16:cb:a7:f4,3095,384,-66.0
1762,"Jun 12, 2025 21:05:50.439025890 CEST",40:ee:dd:0e:38:54,1725,305,-66.0
882,"Jun 12, 2025 21:05:18.027432208 CEST",40:ee:dd:0e:38:54,1395,305,-66.0
1704,"Jun 12, 2025 21:05:48.393658808 CEST",3a:07:16:cb:a7:f4,2891,384,-65.0
353,"Jun 12, 2025 21:04:58.627801570 CEST",3a:07:16:cb:a7:f4,2486,384,-65.0
301,"Jun 12, 2025 21:04:56.249331794 CEST",40:ee:dd:0e:38:54,1174,305,-65.0
1195,"Jun 12, 2025 21:05:29.470441616 CEST",3a:07:16:cb:a7:f4,2737,384,-66.0
2423,"Jun 12, 2025 21:06:13.218768482 CEST",40:ee:dd:0e:38:54,1960,305,-65.0
872,"Jun 12, 2025 21:05:17.560620611 CEST",3a:07:16:cb:a7:f4,2640,384,-66.0
135,"Jun 12, 2025 21:04:51.332109289 CEST",40:ee:dd:0e:38:54,1126,305,-66.0
2490,"Jun 12, 2025 21:06:15.928275256 CEST",40:ee:dd:0e:38:54,1987,305,-66.0
1599,"Jun 12, 2025 21:05:44.461520230 CEST",3a:07:16:cb:a7:f4,2859,384,-66.0
2525,"Jun 12, 2025 21:06:17.024550139 CEST",3a:07:16:cb:a7:f4,3124,384,-63.0
1000,"Jun 12, 2025 21:05:22.589011652 CEST",3a:07:16:cb:a7:f4,2681,384,-64.0
594,"Jun 12, 2025 21:05:06.983348250 CEST",3a:07:16:cb:a7:f4,2554,384,-66.0
8,"Jun 12, 2025 21:04:47.619094876 CEST",40:ee:dd:0e:38:54,1088,305,-66.0
294,"Jun 12, 2025 21:04:55.924255469 CEST",3a:07:16:cb:a7:f4,2464,384,-66.0
2410,"Jun 12, 2025 21:06:12.616670058 CEST",40:ee:dd:0e:38:54,1954,305,-65.0
936,"Jun 12, 2025 21:05:19.932252995 CEST",40:ee:dd:0e:38:54,1414,305,-65.0
446,"Jun 12, 2025 21:05:01.629450173 CEST",f2:42:89:7e:73:bd,2306,458,-70.0
1391,"Jun 12, 2025 21:05:36.429620643 CEST",c4:ea:1d:53:75:c3,1529,243,-74.0
1793,"Jun 12, 2025 21:05:51.743578026 CEST",40:ee:dd:0e:38:54,1738,305,-66.0
1002,"Jun 12, 2025 21:05:22.641720030 CEST",40:ee:dd:0e:38:54,1441,305,-65.0
2011,"Jun 12, 2025 21:05:59.070200916 CEST",40:ee:dd:0e:38:54,1813,305,-65.0
1301,"Jun 12, 2025 21:05:33.033744184 CEST",3a:07:16:cb:a7:f4,2766,384,-65.0
848,"Jun 12, 2025 21:05:16.720976128 CEST",40:ee:dd:0e:38:54,1382,305,-66.0
1104,"Jun 12, 2025 21:05:26.275383222 CEST",3a:07:16:cb:a7:f4,2711,384,-67.0
1923,"Jun 12, 2025 21:05:55.643540374 CEST",3a:07:16:cb:a7:f4,2950,384,-65.0
1040,"Jun 12, 2025 21:05:24.247358289 CEST",40:ee:dd:0e:38:54,1457,305,-65.0
2377,"Jun 12, 2025 21:06:11.813850370 CEST",40:ee:dd:0e:38:54,1943,305,-66.0
342,"Jun 12, 2025 21:04:58.055707730 CEST",40:ee:dd:0e:38:54,1192,305,-65.0
2029,"Jun 12, 2025 21:05:59.698557636 CEST",3a:07:16:cb:a7:f4,2983,384,-67.0
1151,"Jun 12, 2025 21:05:27.872813244 CEST",3a:07:16:cb:a7:f4,2724,384,-67.0
2343,"Jun 12, 2025 21:06:10.408953072 CEST",40:ee:dd:0e:38:54,1929,305,-64.0
1915,"Jun 12, 2025 21:05:55.356275702 CEST",40:ee:dd:0e:38:54,1776,305,-65.0
99,"Jun 12, 2025 21:04:50.529311252 CEST",40:ee:dd:0e:38:54,1118,305,-63.0
2046,"Jun 12, 2025 21:06:00.435831140 CEST",3a:07:16:cb:a7:f4,2989,384,-65.0
2510,"Jun 12, 2025 21:06:16.687705349 CEST",f2:42:89:7e:73:bd,3111,458,-71.0
1769,"Jun 12, 2025 21:05:50.539407160 CEST",40:ee:dd:0e:38:54,1726,305,-67.0
1609,"Jun 12, 2025 21:05:44.707297784 CEST",3a:07:16:cb:a7:f4,2861,384,-67.0
810,"Jun 12, 2025 21:05:15.555654616 CEST",f2:42:89:7e:73:bd,2459,458,-69.0
2306,"Jun 12, 2025 21:06:08.914677996 CEST",3a:07:16:cb:a7:f4,3058,384,-65.0
744,"Jun 12, 2025 21:05:13.004416502 CEST",3a:07:16:cb:a7:f4,2603,384,-65.0
1158,"Jun 12, 2025 21:05:28.118571382 CEST",3a:07:16:cb:a7:f4,2726,384,-64.0
1213,"Jun 12, 2025 21:05:30.096291453 CEST",f2:42:89:7e:73:bd,2615,458,-68.0
1692,"Jun 12, 2025 21:05:47.902123676 CEST",3a:07:16:cb:a7:f4,2887,384,-65.0
1385,"Jun 12, 2025 21:05:36.105746567 CEST",3a:07:16:cb:a7:f4,2791,384,-65.0
1645,"Jun 12, 2025 21:05:45.936071987 CEST",3a:07:16:cb:a7:f4,2871,384,-66.0
2509,"Jun 12, 2025 21:06:16.655905285 CEST",3a:07:16:cb:a7:f4,3121,384,-66.0
1637,"Jun 12, 2025 21:05:45.690331171 CEST",3a:07:16:cb:a7:f4,2869,384,-67.0
1979,"Jun 12, 2025 21:05:57.965349873 CEST",40:ee:dd:0e:38:54,1802,305,-65.0
1708,"Jun 12, 2025 21:05:48.532933153 CEST",40:ee:dd:0e:38:54,1706,305,-65.0
399,"Jun 12, 2025 21:05:00.363710654 CEST",40:ee:dd:0e:38:54,1217,305,-65.0
1520,"Jun 12, 2025 21:05:41.106364522 CEST",40:ee:dd:0e:38:54,1631,305,-65.0
1684,"Jun 12, 2025 21:05:47.528823202 CEST",40:ee:dd:0e:38:54,1696,305,-65.0
1315,"Jun 12, 2025 21:05:33.582597568 CEST",40:ee:dd:0e:38:54,1554,305,-65.0
1110,"Jun 12, 2025 21:05:26.555426166 CEST",40:ee:dd:0e:38:54,1482,305,-65.0
940,"Jun 12, 2025 21:05:20.131451720 CEST",3a:07:16:cb:a7:f4,2661,384,-66.0
1891,"Jun 12, 2025 21:05:54.553395950 CEST",40:ee:dd:0e:38:54,1768,305,-65.0
753,"Jun 12, 2025 21:05:13.409806531 CEST",40:ee:dd:0e:38:54,1349,305,-64.0
2220,"Jun 12, 2025 21:06:05.921070988 CEST",c4:ea:1d:53:75:c3,1889,243,-75.0
2469,"Jun 12, 2025 21:06:15.304247648 CEST",3a:07:16:cb:a7:f4,3110,384,-64.0
984,"Jun 12, 2025 21:05:21.939257378 CEST",40:ee:dd:0e:38:54,1434,305,-66.0
1515,"Jun 12, 2025 21:05:40.898021967 CEST",3a:07:16:cb:a7:f4,2830,384,-66.0
2487,"Jun 12, 2025 21:06:15.795750164 CEST",3a:07:16:cb:a7:f4,3114,384,-64.0
1847,"Jun 12, 2025 21:05:53.677471016 CEST",3a:07:16:cb:a7:f4,2934,384,-66.0
1072,"Jun 12, 2025 21:05:25.150523419 CEST",40:ee:dd:0e:38:54,1466,305,-66.0
1644,"Jun 12, 2025 21:05:45.923221261 CEST",40:ee:dd:0e:38:54,1680,305,-65.0
1326,"Jun 12, 2025 21:05:33.981425031 CEST",40:ee:dd:0e:38:54,1558,305,-65.0
1805,"Jun 12, 2025 21:05:52.245359083 CEST",40:ee:dd:0e:38:54,1743,305,-65.0
1783,"Jun 12, 2025 21:05:51.219883986 CEST",3a:07:16:cb:a7:f4,2914,384,-65.0
2307,"Jun 12, 2025 21:06:09.004013379 CEST",40:ee:dd:0e:38:54,1915,305,-65.0
460,"Jun 12, 2025 21:05:02.170918471 CEST",40:ee:dd:0e:38:54,1235,305,-66.0
206,"Jun 12, 2025 21:04:53.441837489 CEST",40:ee:dd:0e:38:54,1146,305,-65.0
445,"Jun 12, 2025 21:05:01.567964771 CEST",40:ee:dd:0e:38:54,1229,305,-66.0
861,"Jun 12, 2025 21:05:17.182311260 CEST",3a:07:16:cb:a7:f4,2637,384,-67.0
652,"Jun 12, 2025 21:05:09.318042557 CEST",3a:07:16:cb:a7:f4,2573,384,-65.0
1414,"Jun 12, 2025 21:05:37.334616802 CEST",3a:07:16:cb:a7:f4,2801,384,-65.0
348,"Jun 12, 2025 21:04:58.259329923 CEST",3a:07:16:cb:a7:f4,2483,384,-64.0
1871,"Jun 12, 2025 21:05:54.255485581 CEST",40:ee:dd:0e:38:54,1765,305,-65.0
960,"Jun 12, 2025 21:05:21.036104959 CEST",40:ee:dd:0e:38:54,1425,305,-66.0
1844,"Jun 12, 2025 21:05:53.554582484 CEST",3a:07:16:cb:a7:f4,2933,384,-66.0
1227,"Jun 12, 2025 21:05:30.453282730 CEST",3a:07:16:cb:a7:f4,2745,384,-66.0
726,"Jun 12, 2025 21:05:12.205159278 CEST",40:ee:dd:0e:38:54,1337,305,-65.0
842,"Jun 12, 2025 21:05:16.477238569 CEST",f2:42:89:7e:73:bd,2469,458,-69.0
1108,"Jun 12, 2025 21:05:26.521153581 CEST",3a:07:16:cb:a7:f4,2713,384,-66.0
2417,"Jun 12, 2025 21:06:12.969536649 CEST",3a:07:16:cb:a7:f4,3091,384,-64.0
585,"Jun 12, 2025 21:05:06.685845194 CEST",40:ee:dd:0e:38:54,1282,305,-66.0
258,"Jun 12, 2025 21:04:54.744059440 CEST",40:ee:dd:0e:38:54,1159,305,-65.0
332,"Jun 12, 2025 21:04:57.553894616 CEST",40:ee:dd:0e:38:54,1187,305,-66.0
2028,"Jun 12, 2025 21:05:59.674268933 CEST",c4:ea:1d:53:75:c3,1814,243,-76.0
567,"Jun 12, 2025 21:05:05.985167545 CEST",40:ee:dd:0e:38:54,1275,305,-66.0
1510,"Jun 12, 2025 21:05:40.652262712 CEST",3a:07:16:cb:a7:f4,2828,384,-66.0
581,"Jun 12, 2025 21:05:06.491816331 CEST",3a:07:16:cb:a7:f4,2550,384,-64.0
1023,"Jun 12, 2025 21:05:23.449150710 CEST",3a:07:16:cb:a7:f4,2688,384,-65.0
2234,"Jun 12, 2025 21:06:06.456918878 CEST",3a:07:16:cb:a7:f4,3038,384,-65.0
2389,"Jun 12, 2025 21:06:12.014567724 CEST",40:ee:dd:0e:38:54,1946,305,-65.0
1140,"Jun 12, 2025 21:05:27.629013387 CEST",3a:07:16:cb:a7:f4,2722,384,-64.0
637,"Jun 12, 2025 21:05:08.457884502 CEST",3a:07:16:cb:a7:f4,2566,384,-66.0
47,"Jun 12, 2025 21:04:49.024057965 CEST",40:ee:dd:0e:38:54,1102,305,-68.0
1263,"Jun 12, 2025 21:05:31.529829405 CEST",f2:42:89:7e:73:bd,2633,458,-69.0
1660,"Jun 12, 2025 21:05:46.427949900 CEST",3a:07:16:cb:a7:f4,2875,384,-65.0
2127,"Jun 12, 2025 21:06:03.016300905 CEST",3a:07:16:cb:a7:f4,3010,384,-65.0
2138,"Jun 12, 2025 21:06:03.478267752 CEST",f2:42:89:7e:73:bd,2965,458,-70.0
2464,"Jun 12, 2025 21:06:15.058494679 CEST",3a:07:16:cb:a7:f4,3108,384,-65.0
1305,"Jun 12, 2025 21:05:33.178602200 CEST",40:ee:dd:0e:38:54,1550,305,-65.0
1546,"Jun 12, 2025 21:05:42.111602130 CEST",40:ee:dd:0e:38:54,1641,305,-65.0
1246,"Jun 12, 2025 21:05:30.944803195 CEST",3a:07:16:cb:a7:f4,2749,384,-65.0
61,"Jun 12, 2025 21:04:49.443945089 CEST",f2:42:89:7e:73:bd,2179,458,-66.0
1798,"Jun 12, 2025 21:05:51.957279992 CEST",3a:07:16:cb:a7:f4,2920,384,-66.0
2286,"Jun 12, 2025 21:06:08.423002414 CEST",3a:07:16:cb:a7:f4,3054,384,-66.0
328,"Jun 12, 2025 21:04:57.353177541 CEST",40:ee:dd:0e:38:54,1185,305,-64.0
763,"Jun 12, 2025 21:05:13.810800609 CEST",40:ee:dd:0e:38:54,1353,305,-66.0
2558,"Jun 12, 2025 21:06:18.437056436 CEST",40:ee:dd:0e:38:54,2012,305,-68.0
2322,"Jun 12, 2025 21:06:09.606136875 CEST",40:ee:dd:0e:38:54,1921,305,-66.0
489,"Jun 12, 2025 21:05:03.559466972 CEST",c4:ea:1d:53:75:c3,1086,243,-75.0
126,"Jun 12, 2025 21:04:51.184719736 CEST",f2:42:89:7e:73:bd,2200,458,-67.0
1372,"Jun 12, 2025 21:05:35.386321212 CEST",40:ee:dd:0e:38:54,1574,305,-65.0
14,"Jun 12, 2025 21:04:47.819803011 CEST",40:ee:dd:0e:38:54,1090,305,-66.0
803,"Jun 12, 2025 21:05:15.318975217 CEST",40:ee:dd:0e:38:54,1368,305,-66.0
1309,"Jun 12, 2025 21:05:33.382218875 CEST",40:ee:dd:0e:38:54,1552,305,-66.0
1478,"Jun 12, 2025 21:05:39.500710759 CEST",40:ee:dd:0e:38:54,1615,305,-65.0
24,"Jun 12, 2025 21:04:48.221227591 CEST",40:ee:dd:0e:38:54,1094,305,-65.0
1816,"Jun 12, 2025 21:05:52.571574240 CEST",3a:07:16:cb:a7:f4,2925,384,-67.0
1498,"Jun 12, 2025 21:05:40.160750419 CEST",3a:07:16:cb:a7:f4,2824,384,-67.0
2181,"Jun 12, 2025 21:06:04.789252968 CEST",40:ee:dd:0e:38:54,1870,305,-66.0
456,"Jun 12, 2025 21:05:01.969336132 CEST",40:ee:dd:0e:38:54,1233,305,-66.0
1088,"Jun 12, 2025 21:05:25.852943050 CEST",40:ee:dd:0e:38:54,1473,305,-65.0
1201,"Jun 12, 2025 21:05:29.716054064 CEST",3a:07:16:cb:a7:f4,2739,384,-66.0
2387,"Jun 12, 2025 21:06:11.977361247 CEST",f2:42:89:7e:73:bd,3064,458,-71.0
895,"Jun 12, 2025 21:05:18.427431258 CEST",40:ee:dd:0e:38:54,1399,305,-66.0
504,"Jun 12, 2025 21:05:04.177080916 CEST",40:ee:dd:0e:38:54,1255,305,-65.0
1998,"Jun 12, 2025 21:05:58.592663514 CEST",3a:07:16:cb:a7:f4,2974,384,-65.0
1807,"Jun 12, 2025 21:05:52.316793377 CEST",f2:42:89:7e:73:bd,2849,458,-69.0
2435,"Jun 12, 2025 21:06:13.805391683 CEST",c4:ea:1d:53:75:c3,1985,243,-75.0
227,"Jun 12, 2025 21:04:54.203893823 CEST",3a:07:16:cb:a7:f4,2450,384,-66.0
824,"Jun 12, 2025 21:05:15.965224646 CEST",f2:42:89:7e:73:bd,2463,458,-69.0
260,"Jun 12, 2025 21:04:54.818279214 CEST",3a:07:16:cb:a7:f4,2455,384,-65.0
916,"Jun 12, 2025 21:05:19.229776584 CEST",40:ee:dd:0e:38:54,1407,305,-66.0
292,"Jun 12, 2025 21:04:55.895057972 CEST",f2:42:89:7e:73:bd,2249,458,-71.0
954,"Jun 12, 2025 21:05:20.760599533 CEST",3a:07:16:cb:a7:f4,2666,384,-65.0
1914,"Jun 12, 2025 21:05:55.286357803 CEST",f2:42:89:7e:73:bd,2883,458,-69.0
703,"Jun 12, 2025 21:05:11.284110449 CEST",3a:07:16:cb:a7:f4,2589,384,-65.0
1075,"Jun 12, 2025 21:05:25.292351301 CEST",3a:07:16:cb:a7:f4,2703,384,-64.0
982,"Jun 12, 2025 21:05:21.838935333 CEST",40:ee:dd:0e:38:54,1433,305,-66.0
1347,"Jun 12, 2025 21:05:34.876966985 CEST",3a:07:16:cb:a7:f4,2781,384,-65.0
807,"Jun 12, 2025 21:05:15.462006395 CEST",3a:07:16:cb:a7:f4,2623,384,-64.0
1474,"Jun 12, 2025 21:05:39.423486902 CEST",3a:07:16:cb:a7:f4,2818,384,-64.0
1909,"Jun 12, 2025 21:05:55.168688091 CEST",c4:ea:1d:53:75:c3,1763,243,-76.0
2084,"Jun 12, 2025 21:06:01.778724604 CEST",40:ee:dd:0e:38:54,1840,305,-65.0
2228,"Jun 12, 2025 21:06:06.243050899 CEST",f2:42:89:7e:73:bd,3002,458,-70.0
437,"Jun 12, 2025 21:05:01.207998884 CEST",3a:07:16:cb:a7:f4,2507,384,-65.0
327,"Jun 12, 2025 21:04:57.275862472 CEST",3a:07:16:cb:a7:f4,2475,384,-64.0
1549,"Jun 12, 2025 21:05:42.249693014 CEST",3a:07:16:cb:a7:f4,2841,384,-65.0
1036,"Jun 12, 2025 21:05:24.146981908 CEST",40:ee:dd:0e:38:54,1456,305,-66.0
1247,"Jun 12, 2025 21:05:30.971106959 CEST",40:ee:dd:0e:38:54,1528,305,-67.0
2350,"Jun 12, 2025 21:06:10.710193613 CEST",40:ee:dd:0e:38:54,1932,305,-65.0
580,"Jun 12, 2025 21:05:06.485170723 CEST",40:ee:dd:0e:38:54,1280,305,-65.0
644,"Jun 12, 2025 21:05:08.884200306 CEST",c4:ea:1d:53:75:c3,1157,243,-75.0
757,"Jun 12, 2025 21:05:13.512260900 CEST",40:ee:dd:0e:38:54,1350,305,-66.0
1249,"Jun 12, 2025 21:05:31.067693962 CEST",3a:07:16:cb:a7:f4,2750,384,-64.0
1340,"Jun 12, 2025 21:05:34.508301039 CEST",3a:07:16:cb:a7:f4,2778,384,-65.0
531,"Jun 12, 2025 21:05:04.779167257 CEST",40:ee:dd:0e:38:54,1261,305,-65.0
603,"Jun 12, 2025 21:05:07.229105828 CEST",3a:07:16:cb:a7:f4,2556,384,-66.0
1346,"Jun 12, 2025 21:05:34.791222282 CEST",c4:ea:1d:53:75:c3,1511,243,-75.0
1093,"Jun 12, 2025 21:05:25.953316358 CEST",40:ee:dd:0e:38:54,1474,305,-65.0
1250,"Jun 12, 2025 21:05:31.071208026 CEST",40:ee:dd:0e:38:54,1529,305,-64.0
1732,"Jun 12, 2025 21:05:49.335186428 CEST",40:ee:dd:0e:38:54,1714,305,-65.0
1756,"Jun 12, 2025 21:05:50.236859609 CEST",3a:07:16:cb:a7:f4,2906,384,-66.0
1511,"Jun 12, 2025 21:05:40.704940151 CEST",40:ee:dd:0e:38:54,1627,305,-64.0
1424,"Jun 12, 2025 21:05:37.694411647 CEST",40:ee:dd:0e:38:54,1597,305,-65.0
1653,"Jun 12, 2025 21:05:46.224265409 CEST",40:ee:dd:0e:38:54,1683,305,-66.0
169,"Jun 12, 2025 21:04:52.235279797 CEST",40:ee:dd:0e:38:54,1134,305,-66.0
2313,"Jun 12, 2025 21:06:09.204704123 CEST",40:ee:dd:0e:38:54,1917,305,-66.0
2534,"Jun 12, 2025 21:06:17.393177742 CEST",3a:07:16:cb:a7:f4,3127,384,-65.0
1415,"Jun 12, 2025 21:05:37.351224850 CEST",c4:ea:1d:53:75:c3,1545,243,-72.0
2153,"Jun 12, 2025 21:06:04.086834037 CEST",40:ee:dd:0e:38:54,1863,305,-64.0
167,"Jun 12, 2025 21:04:52.115196720 CEST",3a:07:16:cb:a7:f4,2433,384,-65.0
401,"Jun 12, 2025 21:05:00.564423608 CEST",40:ee:dd:0e:38:54,1219,305,-65.0
785,"Jun 12, 2025 21:05:14.720041512 CEST",40:ee:dd:0e:38:54,1362,305,-66.0
2414,"Jun 12, 2025 21:06:12.846658523 CEST",3a:07:16:cb:a7:f4,3090,384,-65.0
1348,"Jun 12, 2025 21:05:34.884560548 CEST",40:ee:dd:0e:38:54,1567,305,-66.0
392,"Jun 12, 2025 21:05:00.163553567 CEST",40:ee:dd:0e:38:54,1215,305,-65.0
1257,"Jun 12, 2025 21:05:31.313433591 CEST",3a:07:16:cb:a7:f4,2752,384,-65.0
766,"Jun 12, 2025 21:05:14.011493449 CEST",40:ee:dd:0e:38:54,1355,305,-66.0
94,"Jun 12, 2025 21:04:50.394638260 CEST",3a:07:16:cb:a7:f4,2419,384,-64.0
679,"Jun 12, 2025 21:05:10.499326713 CEST",40:ee:dd:0e:38:54,1320,305,-66.0
749,"Jun 12, 2025 21:05:13.208706935 CEST",40:ee:dd:0e:38:54,1347,305,-65.0
601,"Jun 12, 2025 21:05:07.187632956 CEST",40:ee:dd:0e:38:54,1287,305,-65.0
387,"Jun 12, 2025 21:04:59.888611063 CEST",f2:42:89:7e:73:bd,2289,458,-69.0
2145,"Jun 12, 2025 21:06:03.688134733 CEST",40:ee:dd:0e:38:54,1859,305,-65.0
1557,"Jun 12, 2025 21:05:42.611648679 CEST",40:ee:dd:0e:38:54,1646,305,-66.0
1425,"Jun 12, 2025 21:05:37.794751851 CEST",40:ee:dd:0e:38:54,1598,305,-65.0
2241,"Jun 12, 2025 21:06:06.652626656 CEST",f2:42:89:7e:73:bd,3006,458,-69.0
1211,"Jun 12, 2025 21:05:30.069458223 CEST",40:ee:dd:0e:38:54,1519,305,-65.0
1665,"Jun 12, 2025 21:05:46.627397050 CEST",40:ee:dd:0e:38:54,1687,305,-64.0
1848,"Jun 12, 2025 21:05:53.850966542 CEST",40:ee:dd:0e:38:54,1759,305,-66.0
2155,"Jun 12, 2025 21:06:04.122220380 CEST",3a:07:16:cb:a7:f4,3019,384,-65.0
354,"Jun 12, 2025 21:04:58.658349449 CEST",40:ee:dd:0e:38:54,1198,305,-66.0
1288,"Jun 12, 2025 21:05:32.476131935 CEST",40:ee:dd:0e:38:54,1543,305,-66.0
881,"Jun 12, 2025 21:05:17.925195324 CEST",40:ee:dd:0e:38:54,1394,305,-66.0
310,"Jun 12, 2025 21:04:56.538586594 CEST",3a:07:16:cb:a7:f4,2469,384,-66.0
1895,"Jun 12, 2025 21:05:54.655713990 CEST",40:ee:dd:0e:38:54,1769,305,-65.0
622,"Jun 12, 2025 21:05:07.890057755 CEST",40:ee:dd:0e:38:54,1294,305,-66.0
2019,"Jun 12, 2025 21:05:59.269941399 CEST",40:ee:dd:0e:38:54,1815,305,-65.0
1420,"Jun 12, 2025 21:05:37.571369953 CEST",f2:42:89:7e:73:bd,2699,458,-70.0
2002,"Jun 12, 2025 21:05:58.768188628 CEST",40:ee:dd:0e:38:54,1810,305,-64.0
664,"Jun 12, 2025 21:05:09.932431440 CEST",3a:07:16:cb:a7:f4,2578,384,-64.0
560,"Jun 12, 2025 21:05:05.682421505 CEST",40:ee:dd:0e:38:54,1272,305,-66.0
1429,"Jun 12, 2025 21:05:37.948935215 CEST",3a:07:16:cb:a7:f4,2806,384,-64.0
12,"Jun 12, 2025 21:04:47.719457359 CEST",40:ee:dd:0e:38:54,1089,305,-65.0
1738,"Jun 12, 2025 21:05:49.552041029 CEST",f2:42:89:7e:73:bd,2821,459,-70.0
1538,"Jun 12, 2025 21:05:41.758196505 CEST",3a:07:16:cb:a7:f4,2837,384,-65.0
1191,"Jun 12, 2025 21:05:29.224495536 CEST",3a:07:16:cb:a7:f4,2735,384,-66.0
1700,"Jun 12, 2025 21:05:48.231316166 CEST",40:ee:dd:0e:38:54,1703,305,-66.0
1292,"Jun 12, 2025 21:05:32.665108340 CEST",3a:07:16:cb:a7:f4,2763,384,-65.0
1939,"Jun 12, 2025 21:05:56.295092992 CEST",c4:ea:1d:53:75:c3,1774,243,-75.0
1277,"Jun 12, 2025 21:05:31.974383563 CEST",40:ee:dd:0e:38:54,1538,305,-66.0
160,"Jun 12, 2025 21:04:51.869185757 CEST",3a:07:16:cb:a7:f4,2431,384,-64.0
1192,"Jun 12, 2025 21:05:29.264892642 CEST",40:ee:dd:0e:38:54,1511,305,-66.0
29,"Jun 12, 2025 21:04:48.419956075 CEST",f2:42:89:7e:73:bd,2169,458,-71.0
1971,"Jun 12, 2025 21:05:57.664335477 CEST",40:ee:dd:0e:38:54,1799,305,-65.0
