frame.number,frame.time,wlan.sa,wlan.seq,frame.len,radiotap.dbm_antsignal,is_synthetic
9,"Jun  5, 2025 00:37:36.203849163 CEST",f2:42:89:7e:73:bd,3755,458,-75,
33,"Jun  5, 2025 00:37:36.306242980 CEST",f2:42:89:7e:73:bd,3756,458,-74,
53,"Jun  5, 2025 00:37:36.511039204 CEST",f2:42:89:7e:73:bd,3758,458,-73,
60,"Jun  5, 2025 00:37:36.613432882 CEST",f2:42:89:7e:73:bd,3759,458,-73,
72,"Jun  5, 2025 00:37:36.717423759 CEST",f2:42:89:7e:73:bd,3760,458,-73,
86,"Jun  5, 2025 00:37:36.818244750 CEST",f2:42:89:7e:73:bd,3761,458,-74,
95,"Jun  5, 2025 00:37:36.920632840 CEST",f2:42:89:7e:73:bd,3762,458,-75,
99,"Jun  5, 2025 00:37:37.023038181 CEST",f2:42:89:7e:73:bd,3763,458,-74,
108,"Jun  5, 2025 00:37:37.227822393 CEST",f2:42:89:7e:73:bd,3765,458,-73,
115,"Jun  5, 2025 00:37:37.330226058 CEST",f2:42:89:7e:73:bd,3766,458,-74,
131,"Jun  5, 2025 00:37:37.432626160 CEST",f2:42:89:7e:73:bd,3767,458,-75,
147,"Jun  5, 2025 00:37:37.535010688 CEST",f2:42:89:7e:73:bd,3768,458,-74,
154,"Jun  5, 2025 00:37:37.638757052 CEST",f2:42:89:7e:73:bd,3769,458,-74,
172,"Jun  5, 2025 00:37:37.739844138 CEST",f2:42:89:7e:73:bd,3770,458,-73,
176,"Jun  5, 2025 00:37:37.842226082 CEST",f2:42:89:7e:73:bd,3771,458,-74,
193,"Jun  5, 2025 00:37:38.047025519 CEST",f2:42:89:7e:73:bd,3773,458,-74,
198,"Jun  5, 2025 00:37:38.149409279 CEST",f2:42:89:7e:73:bd,3774,458,-73,
214,"Jun  5, 2025 00:37:38.253146563 CEST",f2:42:89:7e:73:bd,3775,458,-74,
252,"Jun  5, 2025 00:37:38.456616781 CEST",f2:42:89:7e:73:bd,3777,458,-75,
280,"Jun  5, 2025 00:37:38.661433888 CEST",f2:42:89:7e:73:bd,3779,458,-73,
292,"Jun  5, 2025 00:37:38.763820721 CEST",f2:42:89:7e:73:bd,3780,458,-74,
307,"Jun  5, 2025 00:37:38.867540894 CEST",f2:42:89:7e:73:bd,3781,458,-73,
313,"Jun  5, 2025 00:37:38.968621485 CEST",f2:42:89:7e:73:bd,3782,458,-73,
319,"Jun  5, 2025 00:37:39.071012438 CEST",f2:42:89:7e:73:bd,3783,458,-73,
332,"Jun  5, 2025 00:37:39.173425671 CEST",f2:42:89:7e:73:bd,3784,458,-73,
338,"Jun  5, 2025 00:37:39.275820745 CEST",f2:42:89:7e:73:bd,3785,458,-72,
344,"Jun  5, 2025 00:37:39.378199407 CEST",f2:42:89:7e:73:bd,3786,458,-72,
356,"Jun  5, 2025 00:37:39.480601744 CEST",f2:42:89:7e:73:bd,3787,458,-72,
365,"Jun  5, 2025 00:37:39.584337212 CEST",f2:42:89:7e:73:bd,3788,458,-73,
371,"Jun  5, 2025 00:37:39.685406001 CEST",f2:42:89:7e:73:bd,3789,458,-73,
380,"Jun  5, 2025 00:37:39.787794719 CEST",f2:42:89:7e:73:bd,3790,458,-72,
406,"Jun  5, 2025 00:37:39.890191958 CEST",f2:42:89:7e:73:bd,3791,458,-73,
427,"Jun  5, 2025 00:37:39.992605331 CEST",f2:42:89:7e:73:bd,3792,458,-73,
435,"Jun  5, 2025 00:37:40.096329764 CEST",f2:42:89:7e:73:bd,3793,458,-73,
445,"Jun  5, 2025 00:37:40.198905517 CEST",f2:42:89:7e:73:bd,3796,458,-73,
462,"Jun  5, 2025 00:37:40.299798166 CEST",f2:42:89:7e:73:bd,3799,458,-73,
472,"Jun  5, 2025 00:37:40.402186884 CEST",f2:42:89:7e:73:bd,3800,458,-74,
504,"Jun  5, 2025 00:37:40.606987020 CEST",f2:42:89:7e:73:bd,3803,458,-74,
524,"Jun  5, 2025 00:37:40.709391034 CEST",f2:42:89:7e:73:bd,3804,458,-73,
542,"Jun  5, 2025 00:37:40.811814324 CEST",f2:42:89:7e:73:bd,3805,458,-74,
552,"Jun  5, 2025 00:37:40.914188934 CEST",f2:42:89:7e:73:bd,3806,458,-73,
560,"Jun  5, 2025 00:37:41.016585266 CEST",f2:42:89:7e:73:bd,3807,458,-74,
571,"Jun  5, 2025 00:37:41.118983622 CEST",f2:42:89:7e:73:bd,3808,458,-75,
577,"Jun  5, 2025 00:37:41.221383865 CEST",f2:42:89:7e:73:bd,3809,458,-73,
595,"Jun  5, 2025 00:37:41.325113047 CEST",f2:42:89:7e:73:bd,3810,458,-74,
605,"Jun  5, 2025 00:37:41.426203486 CEST",f2:42:89:7e:73:bd,3811,458,-73,
619,"Jun  5, 2025 00:37:41.528576630 CEST",f2:42:89:7e:73:bd,3812,458,-74,
636,"Jun  5, 2025 00:37:41.630979317 CEST",f2:42:89:7e:73:bd,3813,458,-73,
656,"Jun  5, 2025 00:37:41.734982487 CEST",f2:42:89:7e:73:bd,3815,458,-75,
675,"Jun  5, 2025 00:37:41.835788113 CEST",f2:42:89:7e:73:bd,3816,458,-74,
682,"Jun  5, 2025 00:37:41.939669479 CEST",f2:42:89:7e:73:bd,3817,458,-74,
696,"Jun  5, 2025 00:37:42.040567156 CEST",f2:42:89:7e:73:bd,3818,458,-74,
708,"Jun  5, 2025 00:37:42.142951126 CEST",f2:42:89:7e:73:bd,3819,458,-74,
715,"Jun  5, 2025 00:37:42.245372949 CEST",f2:42:89:7e:73:bd,3820,458,-73,
732,"Jun  5, 2025 00:37:42.347782690 CEST",f2:42:89:7e:73:bd,3821,458,-73,
743,"Jun  5, 2025 00:37:42.450174132 CEST",f2:42:89:7e:73:bd,3822,458,-73,
773,"Jun  5, 2025 00:37:42.553903245 CEST",f2:42:89:7e:73:bd,3823,458,-74,
778,"Jun  5, 2025 00:37:42.654968960 CEST",f2:42:89:7e:73:bd,3824,458,-74,
798,"Jun  5, 2025 00:37:42.757364872 CEST",f2:42:89:7e:73:bd,3825,458,-74,
807,"Jun  5, 2025 00:37:42.859761552 CEST",f2:42:89:7e:73:bd,3826,458,-73,
815,"Jun  5, 2025 00:37:42.962190081 CEST",f2:42:89:7e:73:bd,3827,458,-74,
823,"Jun  5, 2025 00:37:43.168275715 CEST",f2:42:89:7e:73:bd,3829,458,-74,
827,"Jun  5, 2025 00:37:43.269357144 CEST",f2:42:89:7e:73:bd,3830,458,-73,
832,"Jun  5, 2025 00:37:43.371756199 CEST",f2:42:89:7e:73:bd,3831,458,-73,
838,"Jun  5, 2025 00:37:43.474155254 CEST",f2:42:89:7e:73:bd,3832,458,-74,
841,"Jun  5, 2025 00:37:43.576564646 CEST",f2:42:89:7e:73:bd,3833,458,-75,
844,"Jun  5, 2025 00:37:43.678969428 CEST",f2:42:89:7e:73:bd,3834,458,-74,
849,"Jun  5, 2025 00:37:43.782688832 CEST",f2:42:89:7e:73:bd,3835,458,-74,
863,"Jun  5, 2025 00:37:43.883751475 CEST",f2:42:89:7e:73:bd,3836,458,-75,
871,"Jun  5, 2025 00:37:43.986154231 CEST",f2:42:89:7e:73:bd,3837,458,-74,
886,"Jun  5, 2025 00:37:44.088553286 CEST",f2:42:89:7e:73:bd,3838,458,-73,
903,"Jun  5, 2025 00:37:44.190942354 CEST",f2:42:89:7e:73:bd,3839,458,-74,
916,"Jun  5, 2025 00:37:44.293344412 CEST",f2:42:89:7e:73:bd,3840,458,-74,
921,"Jun  5, 2025 00:37:44.395738998 CEST",f2:42:89:7e:73:bd,3841,458,-74,
927,"Jun  5, 2025 00:37:44.498165780 CEST",f2:42:89:7e:73:bd,3842,458,-73,
938,"Jun  5, 2025 00:37:44.600539063 CEST",f2:42:89:7e:73:bd,3843,458,-74,
942,"Jun  5, 2025 00:37:44.702943915 CEST",f2:42:89:7e:73:bd,3844,458,-73,
955,"Jun  5, 2025 00:37:44.805335986 CEST",f2:42:89:7e:73:bd,3845,458,-74,
966,"Jun  5, 2025 00:37:44.907736578 CEST",f2:42:89:7e:73:bd,3846,458,-75,
971,"Jun  5, 2025 00:37:45.011506128 CEST",f2:42:89:7e:73:bd,3847,458,-74,
976,"Jun  5, 2025 00:37:45.112537691 CEST",f2:42:89:7e:73:bd,3848,458,-74,
980,"Jun  5, 2025 00:37:45.214936746 CEST",f2:42:89:7e:73:bd,3849,458,-74,
982,"Jun  5, 2025 00:37:45.317335522 CEST",f2:42:89:7e:73:bd,3850,458,-75,
990,"Jun  5, 2025 00:37:45.419726475 CEST",f2:42:89:7e:73:bd,3851,458,-75,
996,"Jun  5, 2025 00:37:45.522139778 CEST",f2:42:89:7e:73:bd,3852,458,-74,
1010,"Jun  5, 2025 00:37:45.726943685 CEST",f2:42:89:7e:73:bd,3854,458,-75,
1019,"Jun  5, 2025 00:37:45.829328353 CEST",f2:42:89:7e:73:bd,3855,458,-75,
1027,"Jun  5, 2025 00:37:45.931727617 CEST",f2:42:89:7e:73:bd,3856,458,-75,
1054,"Jun  5, 2025 00:37:46.136523143 CEST",f2:42:89:7e:73:bd,3858,458,-73,
1063,"Jun  5, 2025 00:37:46.240264059 CEST",f2:42:89:7e:73:bd,3859,458,-74,
1074,"Jun  5, 2025 00:37:46.341321393 CEST",f2:42:89:7e:73:bd,3860,458,-75,
1084,"Jun  5, 2025 00:37:46.446831039 CEST",f2:42:89:7e:73:bd,3861,458,-75,
1101,"Jun  5, 2025 00:37:46.546133751 CEST",f2:42:89:7e:73:bd,3862,458,-74,
1110,"Jun  5, 2025 00:37:46.648532946 CEST",f2:42:89:7e:73:bd,3863,458,-74,
1128,"Jun  5, 2025 00:37:46.752542192 CEST",f2:42:89:7e:73:bd,3864,458,-74,
1142,"Jun  5, 2025 00:37:46.854422396 CEST",f2:42:89:7e:73:bd,3865,458,-74,
1150,"Jun  5, 2025 00:37:46.957214029 CEST",f2:42:89:7e:73:bd,3866,458,-75,
1155,"Jun  5, 2025 00:37:47.058120087 CEST",f2:42:89:7e:73:bd,3867,458,-74,
1159,"Jun  5, 2025 00:37:47.160527663 CEST",f2:42:89:7e:73:bd,3868,458,-74,
1166,"Jun  5, 2025 00:37:47.262914216 CEST",f2:42:89:7e:73:bd,3869,458,-75,
1173,"Jun  5, 2025 00:37:47.365306008 CEST",f2:42:89:7e:73:bd,3870,458,-74,
1176,"Jun  5, 2025 00:37:47.467704923 CEST",f2:42:89:7e:73:bd,3871,458,-76,
1196,"Jun  5, 2025 00:37:47.570119832 CEST",f2:42:89:7e:73:bd,3872,458,-74,
1206,"Jun  5, 2025 00:37:47.672503941 CEST",f2:42:89:7e:73:bd,3873,458,-74,
1224,"Jun  5, 2025 00:37:47.774906279 CEST",f2:42:89:7e:73:bd,3874,458,-75,
1234,"Jun  5, 2025 00:37:47.877305473 CEST",f2:42:89:7e:73:bd,3875,458,-74,
1244,"Jun  5, 2025 00:37:47.981907183 CEST",f2:42:89:7e:73:bd,3876,458,-74,
1251,"Jun  5, 2025 00:37:48.184514651 CEST",f2:42:89:7e:73:bd,3878,458,-76,
1267,"Jun  5, 2025 00:37:48.286894430 CEST",f2:42:89:7e:73:bd,3879,458,-74,
1284,"Jun  5, 2025 00:37:48.389295092 CEST",f2:42:89:7e:73:bd,3880,458,-75,
1307,"Jun  5, 2025 00:37:48.491696521 CEST",f2:42:89:7e:73:bd,3882,458,-74,
1313,"Jun  5, 2025 00:37:48.594117716 CEST",f2:42:89:7e:73:bd,3883,458,-74,
1316,"Jun  5, 2025 00:37:48.697844524 CEST",f2:42:89:7e:73:bd,3884,458,-74,
1328,"Jun  5, 2025 00:37:48.798892080 CEST",f2:42:89:7e:73:bd,3885,458,-75,
1343,"Jun  5, 2025 00:37:48.901286386 CEST",f2:42:89:7e:73:bd,3886,458,-75,
1352,"Jun  5, 2025 00:37:49.106099163 CEST",f2:42:89:7e:73:bd,3888,458,-74,
1374,"Jun  5, 2025 00:37:49.208484948 CEST",f2:42:89:7e:73:bd,3889,458,-74,
1388,"Jun  5, 2025 00:37:49.314627845 CEST",f2:42:89:7e:73:bd,3891,458,-75,
1393,"Jun  5, 2025 00:37:49.413281173 CEST",f2:42:89:7e:73:bd,3892,458,-75,
1406,"Jun  5, 2025 00:37:49.515726812 CEST",f2:42:89:7e:73:bd,3893,458,-74,
1418,"Jun  5, 2025 00:37:49.618097930 CEST",f2:42:89:7e:73:bd,3894,458,-74,
1425,"Jun  5, 2025 00:37:49.720484973 CEST",f2:42:89:7e:73:bd,3895,458,-74,
1435,"Jun  5, 2025 00:37:49.925276169 CEST",f2:42:89:7e:73:bd,3897,458,-74,
1439,"Jun  5, 2025 00:37:50.027676830 CEST",f2:42:89:7e:73:bd,3898,458,-75,
1444,"Jun  5, 2025 00:37:50.130094603 CEST",f2:42:89:7e:73:bd,3899,458,-74,
1453,"Jun  5, 2025 00:37:50.232468585 CEST",f2:42:89:7e:73:bd,3900,458,-74,
1455,"Jun  5, 2025 00:37:50.334875462 CEST",f2:42:89:7e:73:bd,3901,458,-74,
1459,"Jun  5, 2025 00:37:50.437272701 CEST",f2:42:89:7e:73:bd,3902,458,-73,
1462,"Jun  5, 2025 00:37:50.539668055 CEST",f2:42:89:7e:73:bd,3903,458,-73,
1467,"Jun  5, 2025 00:37:50.642146938 CEST",f2:42:89:7e:73:bd,3904,458,-75,
1484,"Jun  5, 2025 00:37:50.852619653 CEST",f2:42:89:7e:73:bd,3906,458,-76,
1528,"Jun  5, 2025 00:37:51.154123007 CEST",f2:42:89:7e:73:bd,3909,458,-75,
1540,"Jun  5, 2025 00:37:51.256468634 CEST",f2:42:89:7e:73:bd,3910,458,-74,
1553,"Jun  5, 2025 00:37:51.358850787 CEST",f2:42:89:7e:73:bd,3911,458,-75,
1565,"Jun  5, 2025 00:37:51.463025767 CEST",f2:42:89:7e:73:bd,3912,458,-75,
1572,"Jun  5, 2025 00:37:51.563671456 CEST",f2:42:89:7e:73:bd,3914,458,-75,
1596,"Jun  5, 2025 00:37:51.770113979 CEST",f2:42:89:7e:73:bd,3916,458,-74,
1603,"Jun  5, 2025 00:37:51.870862895 CEST",f2:42:89:7e:73:bd,3917,458,-75,
1615,"Jun  5, 2025 00:37:51.974807677 CEST",f2:42:89:7e:73:bd,3918,458,-75,
1619,"Jun  5, 2025 00:37:52.075647874 CEST",f2:42:89:7e:73:bd,3919,458,-74,
1623,"Jun  5, 2025 00:37:52.178073050 CEST",f2:42:89:7e:73:bd,3920,458,-75,
1627,"Jun  5, 2025 00:37:52.280455832 CEST",f2:42:89:7e:73:bd,3921,458,-76,
1631,"Jun  5, 2025 00:37:52.384382875 CEST",f2:42:89:7e:73:bd,3922,458,-75,
1640,"Jun  5, 2025 00:37:52.485247098 CEST",f2:42:89:7e:73:bd,3923,458,-76,
1664,"Jun  5, 2025 00:37:52.690044161 CEST",f2:42:89:7e:73:bd,3925,458,-75,
1686,"Jun  5, 2025 00:37:52.792449152 CEST",f2:42:89:7e:73:bd,3926,458,-75,
1696,"Jun  5, 2025 00:37:52.894839896 CEST",f2:42:89:7e:73:bd,3927,458,-75,
1709,"Jun  5, 2025 00:37:53.099655676 CEST",f2:42:89:7e:73:bd,3929,458,-75,
1714,"Jun  5, 2025 00:37:53.202048376 CEST",f2:42:89:7e:73:bd,3930,458,-75,
1719,"Jun  5, 2025 00:37:53.304435278 CEST",f2:42:89:7e:73:bd,3931,458,-74,
1724,"Jun  5, 2025 00:37:53.406849489 CEST",f2:42:89:7e:73:bd,3932,458,-75,
1729,"Jun  5, 2025 00:37:53.509234436 CEST",f2:42:89:7e:73:bd,3933,458,-75,
1733,"Jun  5, 2025 00:37:53.611628951 CEST",f2:42:89:7e:73:bd,3934,458,-75,
1738,"Jun  5, 2025 00:37:53.714049448 CEST",f2:42:89:7e:73:bd,3935,458,-75,
1740,"Jun  5, 2025 00:37:53.816429995 CEST",f2:42:89:7e:73:bd,3936,458,-76,
1743,"Jun  5, 2025 00:37:53.918821926 CEST",f2:42:89:7e:73:bd,3937,458,-76,
1749,"Jun  5, 2025 00:37:54.021258346 CEST",f2:42:89:7e:73:bd,3938,458,-76,
1756,"Jun  5, 2025 00:37:54.123615008 CEST",f2:42:89:7e:73:bd,3939,458,-76,
1773,"Jun  5, 2025 00:37:54.226016857 CEST",f2:42:89:7e:73:bd,3940,458,-76,
1789,"Jun  5, 2025 00:37:54.328435258 CEST",f2:42:89:7e:73:bd,3941,458,-74,
1795,"Jun  5, 2025 00:37:54.430827189 CEST",f2:42:89:7e:73:bd,3942,458,-74,
1800,"Jun  5, 2025 00:37:54.533222123 CEST",f2:42:89:7e:73:bd,3943,458,-75,
1837,"Jun  5, 2025 00:37:54.635638080 CEST",f2:42:89:7e:73:bd,3944,458,-75,
1855,"Jun  5, 2025 00:37:54.840439962 CEST",f2:42:89:7e:73:bd,3946,458,-75,
1862,"Jun  5, 2025 00:37:54.942821277 CEST",f2:42:89:7e:73:bd,3947,458,-75,
1871,"Jun  5, 2025 00:37:55.045221659 CEST",f2:42:89:7e:73:bd,3948,458,-74,
1876,"Jun  5, 2025 00:37:55.147613730 CEST",f2:42:89:7e:73:bd,3949,458,-74,
1879,"Jun  5, 2025 00:37:55.250031293 CEST",f2:42:89:7e:73:bd,3950,458,-73,
1882,"Jun  5, 2025 00:37:55.352416450 CEST",f2:42:89:7e:73:bd,3951,458,-75,
1897,"Jun  5, 2025 00:37:55.454814317 CEST",f2:42:89:7e:73:bd,3952,458,-75,
1905,"Jun  5, 2025 00:37:55.557219519 CEST",f2:42:89:7e:73:bd,3953,459,-75,
1911,"Jun  5, 2025 00:37:55.659600415 CEST",f2:42:89:7e:73:bd,3954,458,-75,
1918,"Jun  5, 2025 00:37:55.762012810 CEST",f2:42:89:7e:73:bd,3955,458,-74,
1924,"Jun  5, 2025 00:37:55.864408303 CEST",f2:42:89:7e:73:bd,3956,458,-74,
1962,"Jun  5, 2025 00:37:56.171615036 CEST",f2:42:89:7e:73:bd,3959,458,-75,
1974,"Jun  5, 2025 00:37:56.274003126 CEST",f2:42:89:7e:73:bd,3960,458,-73,
1988,"Jun  5, 2025 00:37:56.376384372 CEST",f2:42:89:7e:73:bd,3963,458,-75,
2007,"Jun  5, 2025 00:37:56.478783357 CEST",f2:42:89:7e:73:bd,3964,458,-74,
2022,"Jun  5, 2025 00:37:56.581197638 CEST",f2:42:89:7e:73:bd,3965,458,-74,
2033,"Jun  5, 2025 00:37:56.684949029 CEST",f2:42:89:7e:73:bd,3966,458,-74,
2053,"Jun  5, 2025 00:37:56.787697850 CEST",f2:42:89:7e:73:bd,3967,458,-74,
2072,"Jun  5, 2025 00:37:56.890014702 CEST",f2:42:89:7e:73:bd,3968,458,-74,
2079,"Jun  5, 2025 00:37:56.992362703 CEST",f2:42:89:7e:73:bd,3969,458,-74,
2097,"Jun  5, 2025 00:37:57.195585193 CEST",f2:42:89:7e:73:bd,3971,458,-73,
2116,"Jun  5, 2025 00:37:57.298005061 CEST",f2:42:89:7e:73:bd,3972,458,-75,
2127,"Jun  5, 2025 00:37:57.400403488 CEST",f2:42:89:7e:73:bd,3973,458,-74,
2143,"Jun  5, 2025 00:37:57.502783546 CEST",f2:42:89:7e:73:bd,3974,458,-75,
2161,"Jun  5, 2025 00:37:57.605182950 CEST",f2:42:89:7e:73:bd,3975,458,-75,
2169,"Jun  5, 2025 00:37:57.707586615 CEST",f2:42:89:7e:73:bd,3976,458,-74,
2186,"Jun  5, 2025 00:37:57.809991676 CEST",f2:42:89:7e:73:bd,3977,458,-75,
2205,"Jun  5, 2025 00:37:57.913744954 CEST",f2:42:89:7e:73:bd,3978,458,-76,
2223,"Jun  5, 2025 00:37:58.017066193 CEST",f2:42:89:7e:73:bd,3979,458,-75,
2247,"Jun  5, 2025 00:37:58.219597884 CEST",f2:42:89:7e:73:bd,3981,458,-75,
2265,"Jun  5, 2025 00:37:58.321973123 CEST",f2:42:89:7e:73:bd,3982,458,-75,
2279,"Jun  5, 2025 00:37:58.424377346 CEST",f2:42:89:7e:73:bd,3983,458,-75,
2296,"Jun  5, 2025 00:37:58.526779614 CEST",f2:42:89:7e:73:bd,3984,458,-75,
2302,"Jun  5, 2025 00:37:58.629170777 CEST",f2:42:89:7e:73:bd,3985,458,-76,
2317,"Jun  5, 2025 00:37:58.731572067 CEST",f2:42:89:7e:73:bd,3986,458,-75,
2332,"Jun  5, 2025 00:37:58.833985021 CEST",f2:42:89:7e:73:bd,3987,458,-76,
2351,"Jun  5, 2025 00:37:58.936368362 CEST",f2:42:89:7e:73:bd,3989,458,-76,
2359,"Jun  5, 2025 00:37:59.038796261 CEST",f2:42:89:7e:73:bd,3990,458,-75,
2379,"Jun  5, 2025 00:37:59.142521183 CEST",f2:42:89:7e:73:bd,3991,458,-74,
2396,"Jun  5, 2025 00:37:59.243568181 CEST",f2:42:89:7e:73:bd,3992,458,-74,
2413,"Jun  5, 2025 00:37:59.346005928 CEST",f2:42:89:7e:73:bd,3993,458,-74,
2431,"Jun  5, 2025 00:37:59.448370900 CEST",f2:42:89:7e:73:bd,3994,458,-74,
2446,"Jun  5, 2025 00:37:59.550770584 CEST",f2:42:89:7e:73:bd,3995,458,-74,
2467,"Jun  5, 2025 00:37:59.757030891 CEST",f2:42:89:7e:73:bd,3997,458,-75,
2487,"Jun  5, 2025 00:37:59.857966632 CEST",f2:42:89:7e:73:bd,3998,458,-75,
2500,"Jun  5, 2025 00:38:00.062787720 CEST",f2:42:89:7e:73:bd,4000,458,-77,
2510,"Jun  5, 2025 00:38:00.165178534 CEST",f2:42:89:7e:73:bd,4001,458,-75,
2520,"Jun  5, 2025 00:38:00.267562363 CEST",f2:42:89:7e:73:bd,4002,458,-75,
2524,"Jun  5, 2025 00:38:00.369965469 CEST",f2:42:89:7e:73:bd,4003,458,-74,
2527,"Jun  5, 2025 00:38:00.472358937 CEST",f2:42:89:7e:73:bd,4004,458,-75,
2531,"Jun  5, 2025 00:38:00.574770284 CEST",f2:42:89:7e:73:bd,4005,458,-74,
2536,"Jun  5, 2025 00:38:00.677149923 CEST",f2:42:89:7e:73:bd,4006,458,-75,
2544,"Jun  5, 2025 00:38:00.779548489 CEST",f2:42:89:7e:73:bd,4007,458,-74,
2554,"Jun  5, 2025 00:38:00.881965424 CEST",f2:42:89:7e:73:bd,4008,458,-75,
2571,"Jun  5, 2025 00:38:00.984392136 CEST",f2:42:89:7e:73:bd,4009,458,-75,
2584,"Jun  5, 2025 00:38:01.086749286 CEST",f2:42:89:7e:73:bd,4010,458,-75,
2604,"Jun  5, 2025 00:38:01.189154767 CEST",f2:42:89:7e:73:bd,4011,458,-75,
2621,"Jun  5, 2025 00:38:01.291557174 CEST",f2:42:89:7e:73:bd,4012,458,-75,
2639,"Jun  5, 2025 00:38:01.497518282 CEST",f2:42:89:7e:73:bd,4014,458,-76,
2644,"Jun  5, 2025 00:38:01.600099972 CEST",f2:42:89:7e:73:bd,4015,458,-75,
2660,"Jun  5, 2025 00:38:01.701147458 CEST",f2:42:89:7e:73:bd,4016,458,-74,
2676,"Jun  5, 2025 00:38:01.805246799 CEST",f2:42:89:7e:73:bd,4017,458,-76,
2697,"Jun  5, 2025 00:38:01.905935860 CEST",f2:42:89:7e:73:bd,4018,458,-73,
2711,"Jun  5, 2025 00:38:02.110744098 CEST",f2:42:89:7e:73:bd,4020,458,-75,
2726,"Jun  5, 2025 00:38:02.214488435 CEST",f2:42:89:7e:73:bd,4021,458,-75,
2750,"Jun  5, 2025 00:38:02.417940774 CEST",f2:42:89:7e:73:bd,4023,458,-75,
2759,"Jun  5, 2025 00:38:02.520331448 CEST",f2:42:89:7e:73:bd,4024,458,-75,
2773,"Jun  5, 2025 00:38:02.622724078 CEST",f2:42:89:7e:73:bd,4025,458,-75,
2788,"Jun  5, 2025 00:38:02.725127672 CEST",f2:42:89:7e:73:bd,4026,458,-75,
2802,"Jun  5, 2025 00:38:02.827528893 CEST",f2:42:89:7e:73:bd,4027,458,-76,
2811,"Jun  5, 2025 00:38:02.929941218 CEST",f2:42:89:7e:73:bd,4028,458,-76,
2824,"Jun  5, 2025 00:38:03.032324000 CEST",f2:42:89:7e:73:bd,4029,458,-75,
2836,"Jun  5, 2025 00:38:03.237124205 CEST",f2:42:89:7e:73:bd,4031,458,-75,
2840,"Jun  5, 2025 00:38:03.339510479 CEST",f2:42:89:7e:73:bd,4032,458,-76,
2843,"Jun  5, 2025 00:38:03.443307547 CEST",f2:42:89:7e:73:bd,4033,458,-74,
2846,"Jun  5, 2025 00:38:03.544317808 CEST",f2:42:89:7e:73:bd,4034,458,-76,
2849,"Jun  5, 2025 00:38:03.646734882 CEST",f2:42:89:7e:73:bd,4035,458,-76,
2851,"Jun  5, 2025 00:38:03.749119690 CEST",f2:42:89:7e:73:bd,4036,458,-75,
2857,"Jun  5, 2025 00:38:03.954178238 CEST",f2:42:89:7e:73:bd,4038,458,-76,
2871,"Jun  5, 2025 00:38:04.158911326 CEST",f2:42:89:7e:73:bd,4040,458,-75,
2902,"Jun  5, 2025 00:38:04.363505989 CEST",f2:42:89:7e:73:bd,4042,458,-76,
2910,"Jun  5, 2025 00:38:04.465925926 CEST",f2:42:89:7e:73:bd,4043,458,-76,
2919,"Jun  5, 2025 00:38:04.568305635 CEST",f2:42:89:7e:73:bd,4044,458,-75,
2933,"Jun  5, 2025 00:38:04.773117434 CEST",f2:42:89:7e:73:bd,4046,458,-75,
2948,"Jun  5, 2025 00:38:04.875498051 CEST",f2:42:89:7e:73:bd,4047,458,-75,
2970,"Jun  5, 2025 00:38:04.977919944 CEST",f2:42:89:7e:73:bd,4048,458,-76,
2992,"Jun  5, 2025 00:38:05.182716309 CEST",f2:42:89:7e:73:bd,4050,458,-75,
3008,"Jun  5, 2025 00:38:05.285098322 CEST",f2:42:89:7e:73:bd,4051,458,-75,
3015,"Jun  5, 2025 00:38:05.387505549 CEST",f2:42:89:7e:73:bd,4052,458,-75,
3041,"Jun  5, 2025 00:38:05.592294091 CEST",f2:42:89:7e:73:bd,4054,458,-76,
3048,"Jun  5, 2025 00:38:05.694687628 CEST",f2:42:89:7e:73:bd,4055,458,-75,
3064,"Jun  5, 2025 00:38:05.797088010 CEST",f2:42:89:7e:73:bd,4056,458,-75,
3098,"Jun  5, 2025 00:38:06.001893803 CEST",f2:42:89:7e:73:bd,4058,458,-75,
3107,"Jun  5, 2025 00:38:06.104289646 CEST",f2:42:89:7e:73:bd,4059,458,-76,
3114,"Jun  5, 2025 00:38:06.206703088 CEST",f2:42:89:7e:73:bd,4060,458,-77,
3150,"Jun  5, 2025 00:38:06.411476404 CEST",f2:42:89:7e:73:bd,4062,458,-77,
3165,"Jun  5, 2025 00:38:06.515255034 CEST",f2:42:89:7e:73:bd,4063,458,-76,
3203,"Jun  5, 2025 00:38:06.822817539 CEST",f2:42:89:7e:73:bd,4066,458,-75,
3240,"Jun  5, 2025 00:38:07.025886379 CEST",f2:42:89:7e:73:bd,4068,458,-76,
3265,"Jun  5, 2025 00:38:07.230668566 CEST",f2:42:89:7e:73:bd,4070,458,-76,
3273,"Jun  5, 2025 00:38:07.333069018 CEST",f2:42:89:7e:73:bd,4071,458,-76,
3294,"Jun  5, 2025 00:38:07.435472333 CEST",f2:42:89:7e:73:bd,4072,458,-75,
3324,"Jun  5, 2025 00:38:07.640265275 CEST",f2:42:89:7e:73:bd,4074,458,-75,
3340,"Jun  5, 2025 00:38:07.742664260 CEST",f2:42:89:7e:73:bd,4075,458,-76,
3347,"Jun  5, 2025 00:38:07.845065899 CEST",f2:42:89:7e:73:bd,4076,458,-75,
3388,"Jun  5, 2025 00:38:08.049880352 CEST",f2:42:89:7e:73:bd,4078,458,-75,
3416,"Jun  5, 2025 00:38:08.254660443 CEST",f2:42:89:7e:73:bd,4080,458,-76,
3446,"Jun  5, 2025 00:38:08.459449474 CEST",f2:42:89:7e:73:bd,4082,458,-76,
3456,"Jun  5, 2025 00:38:08.561852440 CEST",f2:42:89:7e:73:bd,4083,458,-76,
3472,"Jun  5, 2025 00:38:08.664267210 CEST",f2:42:89:7e:73:bd,4084,458,-76,
3491,"Jun  5, 2025 00:38:08.869103733 CEST",f2:42:89:7e:73:bd,4086,458,-76,
3498,"Jun  5, 2025 00:38:08.972813080 CEST",f2:42:89:7e:73:bd,4087,458,-75,
3509,"Jun  5, 2025 00:38:09.076305361 CEST",f2:42:89:7e:73:bd,4089,458,-76,
3534,"Jun  5, 2025 00:38:09.176256479 CEST",f2:42:89:7e:73:bd,4090,458,-75,
3544,"Jun  5, 2025 00:38:09.278648550 CEST",f2:42:89:7e:73:bd,4091,458,-76,
3569,"Jun  5, 2025 00:38:09.381049002 CEST",f2:42:89:7e:73:bd,4094,458,-76,
3586,"Jun  5, 2025 00:38:09.587949754 CEST",f2:42:89:7e:73:bd,0,458,-75,
3598,"Jun  5, 2025 00:38:09.688264046 CEST",f2:42:89:7e:73:bd,1,458,-75,
3608,"Jun  5, 2025 00:38:09.790653882 CEST",f2:42:89:7e:73:bd,2,458,-75,
3627,"Jun  5, 2025 00:38:09.893038969 CEST",f2:42:89:7e:73:bd,3,458,-75,
3634,"Jun  5, 2025 00:38:09.995450805 CEST",f2:42:89:7e:73:bd,4,458,-75,
3655,"Jun  5, 2025 00:38:10.097857124 CEST",f2:42:89:7e:73:bd,5,458,-75,
3662,"Jun  5, 2025 00:38:10.200243468 CEST",f2:42:89:7e:73:bd,6,458,-75,
3668,"Jun  5, 2025 00:38:10.302634840 CEST",f2:42:89:7e:73:bd,7,458,-75,
3674,"Jun  5, 2025 00:38:10.405029635 CEST",f2:42:89:7e:73:bd,8,458,-76,
3678,"Jun  5, 2025 00:38:10.507430925 CEST",f2:42:89:7e:73:bd,9,458,-75,
3682,"Jun  5, 2025 00:38:10.609831586 CEST",f2:42:89:7e:73:bd,10,458,-74,
3686,"Jun  5, 2025 00:38:10.712224496 CEST",f2:42:89:7e:73:bd,11,458,-75,
3697,"Jun  5, 2025 00:38:10.814670274 CEST",f2:42:89:7e:73:bd,12,458,-75,
3703,"Jun  5, 2025 00:38:10.917022955 CEST",f2:42:89:7e:73:bd,13,458,-77,
3724,"Jun  5, 2025 00:38:11.019420753 CEST",f2:42:89:7e:73:bd,14,458,-74,
3734,"Jun  5, 2025 00:38:11.121831471 CEST",f2:42:89:7e:73:bd,15,458,-75,
3748,"Jun  5, 2025 00:38:11.227448254 CEST",f2:42:89:7e:73:bd,16,458,-75,
3764,"Jun  5, 2025 00:38:11.326630909 CEST",f2:42:89:7e:73:bd,17,458,-75,
3776,"Jun  5, 2025 00:38:11.430388097 CEST",f2:42:89:7e:73:bd,18,458,-76,
3782,"Jun  5, 2025 00:38:11.531420079 CEST",f2:42:89:7e:73:bd,19,458,-75,
3789,"Jun  5, 2025 00:38:11.633826188 CEST",f2:42:89:7e:73:bd,20,458,-75,
3805,"Jun  5, 2025 00:38:11.736218189 CEST",f2:42:89:7e:73:bd,21,458,-75,
3812,"Jun  5, 2025 00:38:11.840409860 CEST",f2:42:89:7e:73:bd,22,458,-76,
3819,"Jun  5, 2025 00:38:11.942742496 CEST",f2:42:89:7e:73:bd,23,458,-75,
3824,"Jun  5, 2025 00:38:12.043718466 CEST",f2:42:89:7e:73:bd,24,458,-74,
3829,"Jun  5, 2025 00:38:12.145825863 CEST",f2:42:89:7e:73:bd,25,458,-75,
3833,"Jun  5, 2025 00:38:12.248211998 CEST",f2:42:89:7e:73:bd,26,458,-76,
3837,"Jun  5, 2025 00:38:12.350612170 CEST",f2:42:89:7e:73:bd,27,458,-74,
3845,"Jun  5, 2025 00:38:12.453015975 CEST",f2:42:89:7e:73:bd,28,458,-75,
3858,"Jun  5, 2025 00:38:12.555405392 CEST",f2:42:89:7e:73:bd,29,458,-75,
3865,"Jun  5, 2025 00:38:12.657790548 CEST",f2:42:89:7e:73:bd,30,458,-75,
3873,"Jun  5, 2025 00:38:12.760206784 CEST",f2:42:89:7e:73:bd,31,458,-75,
3894,"Jun  5, 2025 00:38:12.862620716 CEST",f2:42:89:7e:73:bd,32,458,-76,
3901,"Jun  5, 2025 00:38:12.965000495 CEST",f2:42:89:7e:73:bd,33,458,-75,
3909,"Jun  5, 2025 00:38:13.067392565 CEST",f2:42:89:7e:73:bd,34,458,-75,
3915,"Jun  5, 2025 00:38:13.169815227 CEST",f2:42:89:7e:73:bd,35,458,-74,
3925,"Jun  5, 2025 00:38:13.374598112 CEST",f2:42:89:7e:73:bd,38,458,-75,
3930,"Jun  5, 2025 00:38:13.477000729 CEST",f2:42:89:7e:73:bd,39,458,-75,
3933,"Jun  5, 2025 00:38:13.579405650 CEST",f2:42:89:7e:73:bd,40,458,-75,
3937,"Jun  5, 2025 00:38:13.681808267 CEST",f2:42:89:7e:73:bd,41,458,-75,
3939,"Jun  5, 2025 00:38:13.784185951 CEST",f2:42:89:7e:73:bd,42,458,-76,
3942,"Jun  5, 2025 00:38:13.887962905 CEST",f2:42:89:7e:73:bd,43,458,-76,
3953,"Jun  5, 2025 00:38:13.988992233 CEST",f2:42:89:7e:73:bd,44,458,-75,
3960,"Jun  5, 2025 00:38:14.091401624 CEST",f2:42:89:7e:73:bd,45,458,-75,
3980,"Jun  5, 2025 00:38:14.193793346 CEST",f2:42:89:7e:73:bd,46,458,-75,
3995,"Jun  5, 2025 00:38:14.296179830 CEST",f2:42:89:7e:73:bd,47,458,-75,
4002,"Jun  5, 2025 00:38:14.398583424 CEST",f2:42:89:7e:73:bd,48,458,-74,
4011,"Jun  5, 2025 00:38:14.501144651 CEST",f2:42:89:7e:73:bd,49,458,-74,
4017,"Jun  5, 2025 00:38:14.603464436 CEST",f2:42:89:7e:73:bd,50,458,-73,
4021,"Jun  5, 2025 00:38:14.705772418 CEST",f2:42:89:7e:73:bd,51,458,-76,
4036,"Jun  5, 2025 00:38:14.808181041 CEST",f2:42:89:7e:73:bd,52,458,-76,
4043,"Jun  5, 2025 00:38:14.910578839 CEST",f2:42:89:7e:73:bd,53,458,-74,
4049,"Jun  5, 2025 00:38:15.012973704 CEST",f2:42:89:7e:73:bd,54,458,-74,
4059,"Jun  5, 2025 00:38:15.115448258 CEST",f2:42:89:7e:73:bd,55,458,-76,
4063,"Jun  5, 2025 00:38:15.217808341 CEST",f2:42:89:7e:73:bd,56,458,-75,
4072,"Jun  5, 2025 00:38:15.320193847 CEST",f2:42:89:7e:73:bd,57,458,-75,
4077,"Jun  5, 2025 00:38:15.422582356 CEST",f2:42:89:7e:73:bd,58,458,-75,
4082,"Jun  5, 2025 00:38:15.524978059 CEST",f2:42:89:7e:73:bd,59,458,-75,
4085,"Jun  5, 2025 00:38:15.627368593 CEST",f2:42:89:7e:73:bd,60,458,-74,
4089,"Jun  5, 2025 00:38:15.731177674 CEST",f2:42:89:7e:73:bd,61,458,-74,
4093,"Jun  5, 2025 00:38:15.832161675 CEST",f2:42:89:7e:73:bd,62,458,-75,
4096,"Jun  5, 2025 00:38:15.934553047 CEST",f2:42:89:7e:73:bd,63,458,-75,
4106,"Jun  5, 2025 00:38:16.036953290 CEST",f2:42:89:7e:73:bd,64,458,-76,
4126,"Jun  5, 2025 00:38:16.139360237 CEST",f2:42:89:7e:73:bd,65,458,-75,
4136,"Jun  5, 2025 00:38:16.242021127 CEST",f2:42:89:7e:73:bd,66,458,-75,
4155,"Jun  5, 2025 00:38:16.345545395 CEST",f2:42:89:7e:73:bd,67,458,-75,
4166,"Jun  5, 2025 00:38:16.446587015 CEST",f2:42:89:7e:73:bd,69,458,-75,
4180,"Jun  5, 2025 00:38:16.548973079 CEST",f2:42:89:7e:73:bd,70,458,-75,
4191,"Jun  5, 2025 00:38:16.651374509 CEST",f2:42:89:7e:73:bd,71,458,-75,
4235,"Jun  5, 2025 00:38:16.960291586 CEST",f2:42:89:7e:73:bd,74,458,-76,
4249,"Jun  5, 2025 00:38:17.062662425 CEST",f2:42:89:7e:73:bd,75,458,-74,
4257,"Jun  5, 2025 00:38:17.163366013 CEST",f2:42:89:7e:73:bd,76,458,-75,
4262,"Jun  5, 2025 00:38:17.265752427 CEST",f2:42:89:7e:73:bd,77,458,-75,
4266,"Jun  5, 2025 00:38:17.368152390 CEST",f2:42:89:7e:73:bd,78,458,-74,
4270,"Jun  5, 2025 00:38:17.470553400 CEST",f2:42:89:7e:73:bd,79,458,-74,
4275,"Jun  5, 2025 00:38:17.574326234 CEST",f2:42:89:7e:73:bd,80,458,-74,
4280,"Jun  5, 2025 00:38:17.675354723 CEST",f2:42:89:7e:73:bd,81,458,-74,
4305,"Jun  5, 2025 00:38:17.880140821 CEST",f2:42:89:7e:73:bd,83,458,-73,
4326,"Jun  5, 2025 00:38:18.084939210 CEST",f2:42:89:7e:73:bd,85,458,-74,
4331,"Jun  5, 2025 00:38:18.187349300 CEST",f2:42:89:7e:73:bd,86,458,-75,
4340,"Jun  5, 2025 00:38:18.289742698 CEST",f2:42:89:7e:73:bd,87,459,-74,
4352,"Jun  5, 2025 00:38:18.392155372 CEST",f2:42:89:7e:73:bd,88,458,-74,
4368,"Jun  5, 2025 00:38:18.596936371 CEST",f2:42:89:7e:73:bd,90,458,-73,
4371,"Jun  5, 2025 00:38:18.699334030 CEST",f2:42:89:7e:73:bd,91,458,-73,
4391,"Jun  5, 2025 00:38:18.803108260 CEST",f2:42:89:7e:73:bd,92,458,-74,
4412,"Jun  5, 2025 00:38:18.904143384 CEST",f2:42:89:7e:73:bd,93,458,-74,
4426,"Jun  5, 2025 00:38:19.006532312 CEST",f2:42:89:7e:73:bd,94,458,-74,
4445,"Jun  5, 2025 00:38:19.108928574 CEST",f2:42:89:7e:73:bd,95,458,-74,
4469,"Jun  5, 2025 00:38:19.211328816 CEST",f2:42:89:7e:73:bd,96,458,-75,
4488,"Jun  5, 2025 00:38:19.416121688 CEST",f2:42:89:7e:73:bd,98,458,-75,
4498,"Jun  5, 2025 00:38:19.518520464 CEST",f2:42:89:7e:73:bd,99,458,-74,
4509,"Jun  5, 2025 00:38:19.620925665 CEST",f2:42:89:7e:73:bd,100,458,-76,
4515,"Jun  5, 2025 00:38:19.723323393 CEST",f2:42:89:7e:73:bd,101,458,-75,
4518,"Jun  5, 2025 00:38:19.825737883 CEST",f2:42:89:7e:73:bd,102,458,-74,
4520,"Jun  5, 2025 00:38:19.928126253 CEST",f2:42:89:7e:73:bd,103,458,-74,
4523,"Jun  5, 2025 00:38:20.030620362 CEST",f2:42:89:7e:73:bd,104,458,-75,
4525,"Jun  5, 2025 00:38:20.132921290 CEST",f2:42:89:7e:73:bd,105,458,-75,
4529,"Jun  5, 2025 00:38:20.235321951 CEST",f2:42:89:7e:73:bd,106,458,-76,
4533,"Jun  5, 2025 00:38:20.337711927 CEST",f2:42:89:7e:73:bd,107,458,-75,
4535,"Jun  5, 2025 00:38:20.440132423 CEST",f2:42:89:7e:73:bd,108,458,-75,
4539,"Jun  5, 2025 00:38:20.542513180 CEST",f2:42:89:7e:73:bd,109,458,-75,
4543,"Jun  5, 2025 00:38:20.645005752 CEST",f2:42:89:7e:73:bd,110,458,-74,
4547,"Jun  5, 2025 00:38:20.747321976 CEST",f2:42:89:7e:73:bd,111,458,-75,
4560,"Jun  5, 2025 00:38:20.849724802 CEST",f2:42:89:7e:73:bd,112,458,-74,
4564,"Jun  5, 2025 00:38:20.952115826 CEST",f2:42:89:7e:73:bd,113,458,-75,
4590,"Jun  5, 2025 00:38:21.156923783 CEST",f2:42:89:7e:73:bd,115,458,-74,
4602,"Jun  5, 2025 00:38:21.260685512 CEST",f2:42:89:7e:73:bd,116,458,-75,
4614,"Jun  5, 2025 00:38:21.361703735 CEST",f2:42:89:7e:73:bd,117,458,-73,
4625,"Jun  5, 2025 00:38:21.464120949 CEST",f2:42:89:7e:73:bd,118,458,-74,
4631,"Jun  5, 2025 00:38:21.566498562 CEST",f2:42:89:7e:73:bd,119,458,-74,
4639,"Jun  5, 2025 00:38:21.668909770 CEST",f2:42:89:7e:73:bd,120,458,-74,
4652,"Jun  5, 2025 00:38:21.771296882 CEST",f2:42:89:7e:73:bd,121,458,-75,
4658,"Jun  5, 2025 00:38:21.875076420 CEST",f2:42:89:7e:73:bd,122,458,-74,
4667,"Jun  5, 2025 00:38:21.977872173 CEST",f2:42:89:7e:73:bd,123,458,-73,
4670,"Jun  5, 2025 00:38:22.078497749 CEST",f2:42:89:7e:73:bd,124,458,-74,
4674,"Jun  5, 2025 00:38:22.180913147 CEST",f2:42:89:7e:73:bd,125,458,-74,
4679,"Jun  5, 2025 00:38:22.283288037 CEST",f2:42:89:7e:73:bd,126,458,-75,
4684,"Jun  5, 2025 00:38:22.385692190 CEST",f2:42:89:7e:73:bd,127,458,-74,
4692,"Jun  5, 2025 00:38:22.488255163 CEST",f2:42:89:7e:73:bd,128,458,-74,
4703,"Jun  5, 2025 00:38:22.590490650 CEST",f2:42:89:7e:73:bd,129,458,-74,
4709,"Jun  5, 2025 00:38:22.692901159 CEST",f2:42:89:7e:73:bd,130,458,-74,
4726,"Jun  5, 2025 00:38:22.795291833 CEST",f2:42:89:7e:73:bd,131,458,-73,
4742,"Jun  5, 2025 00:38:22.897699548 CEST",f2:42:89:7e:73:bd,132,458,-74,
4749,"Jun  5, 2025 00:38:23.000096508 CEST",f2:42:89:7e:73:bd,133,458,-74,
4759,"Jun  5, 2025 00:38:23.102621138 CEST",f2:42:89:7e:73:bd,134,458,-73,
4762,"Jun  5, 2025 00:38:23.204880929 CEST",f2:42:89:7e:73:bd,135,458,-74,
4768,"Jun  5, 2025 00:38:23.307274746 CEST",f2:42:89:7e:73:bd,136,458,-74,
4774,"Jun  5, 2025 00:38:23.409673382 CEST",f2:42:89:7e:73:bd,137,458,-73,
4777,"Jun  5, 2025 00:38:23.512092901 CEST",f2:42:89:7e:73:bd,138,458,-73,
4780,"Jun  5, 2025 00:38:23.614467162 CEST",f2:42:89:7e:73:bd,139,458,-74,
4785,"Jun  5, 2025 00:38:23.718256268 CEST",f2:42:89:7e:73:bd,140,458,-73,
4787,"Jun  5, 2025 00:38:23.819276238 CEST",f2:42:89:7e:73:bd,141,458,-75,
4789,"Jun  5, 2025 00:38:23.921671102 CEST",f2:42:89:7e:73:bd,142,458,-74,
4793,"Jun  5, 2025 00:38:24.027515148 CEST",f2:42:89:7e:73:bd,143,458,-74,
4799,"Jun  5, 2025 00:38:24.126464742 CEST",f2:42:89:7e:73:bd,144,458,-73,
4810,"Jun  5, 2025 00:38:24.228865125 CEST",f2:42:89:7e:73:bd,145,458,-74,
4828,"Jun  5, 2025 00:38:24.331406376 CEST",f2:42:89:7e:73:bd,146,458,-75,
4838,"Jun  5, 2025 00:38:24.433667285 CEST",f2:42:89:7e:73:bd,147,458,-75,
4850,"Jun  5, 2025 00:38:24.638465396 CEST",f2:42:89:7e:73:bd,149,458,-75,
4855,"Jun  5, 2025 00:38:24.740843219 CEST",f2:42:89:7e:73:bd,150,458,-74,
4866,"Jun  5, 2025 00:38:24.843268604 CEST",f2:42:89:7e:73:bd,151,458,-74,
4871,"Jun  5, 2025 00:38:24.947040180 CEST",f2:42:89:7e:73:bd,152,458,-73,
4877,"Jun  5, 2025 00:38:25.048058194 CEST",f2:42:89:7e:73:bd,153,458,-74,
4884,"Jun  5, 2025 00:38:25.252853021 CEST",f2:42:89:7e:73:bd,155,458,-74,
4887,"Jun  5, 2025 00:38:25.355250191 CEST",f2:42:89:7e:73:bd,156,458,-75,
4892,"Jun  5, 2025 00:38:25.457650782 CEST",f2:42:89:7e:73:bd,157,458,-74,
4894,"Jun  5, 2025 00:38:25.560057729 CEST",f2:42:89:7e:73:bd,158,458,-74,
4898,"Jun  5, 2025 00:38:25.662470823 CEST",f2:42:89:7e:73:bd,159,458,-75,
4905,"Jun  5, 2025 00:38:25.764850881 CEST",f2:42:89:7e:73:bd,160,458,-73,
4911,"Jun  5, 2025 00:38:25.867253917 CEST",f2:42:89:7e:73:bd,161,459,-72,
4935,"Jun  5, 2025 00:38:26.072057684 CEST",f2:42:89:7e:73:bd,163,458,-74,
4946,"Jun  5, 2025 00:38:26.174461698 CEST",f2:42:89:7e:73:bd,164,458,-73,
4957,"Jun  5, 2025 00:38:26.276845109 CEST",f2:42:89:7e:73:bd,165,458,-73,
4973,"Jun  5, 2025 00:38:26.379255548 CEST",f2:42:89:7e:73:bd,166,458,-74,
4984,"Jun  5, 2025 00:38:26.484210654 CEST",f2:42:89:7e:73:bd,167,458,-74,
4989,"Jun  5, 2025 00:38:26.584049188 CEST",f2:42:89:7e:73:bd,168,458,-73,
4991,"Jun  5, 2025 00:38:26.686446427 CEST",f2:42:89:7e:73:bd,169,458,-73,
5007,"Jun  5, 2025 00:38:26.788831305 CEST",f2:42:89:7e:73:bd,170,458,-73,
5028,"Jun  5, 2025 00:38:26.995447942 CEST",f2:42:89:7e:73:bd,172,458,-73,
5036,"Jun  5, 2025 00:38:27.096155791 CEST",f2:42:89:7e:73:bd,173,458,-73,
5040,"Jun  5, 2025 00:38:27.198429061 CEST",f2:42:89:7e:73:bd,174,458,-73,
5044,"Jun  5, 2025 00:38:27.300830212 CEST",f2:42:89:7e:73:bd,175,458,-75,
5055,"Jun  5, 2025 00:38:27.403390880 CEST",f2:42:89:7e:73:bd,176,458,-80,
5067,"Jun  5, 2025 00:38:27.505630906 CEST",f2:42:89:7e:73:bd,177,458,-74,
5081,"Jun  5, 2025 00:38:27.608041485 CEST",f2:42:89:7e:73:bd,178,458,-73,
5094,"Jun  5, 2025 00:38:27.710420356 CEST",f2:42:89:7e:73:bd,179,458,-73,
5115,"Jun  5, 2025 00:38:27.816706637 CEST",f2:42:89:7e:73:bd,181,458,-73,
5146,"Jun  5, 2025 00:38:28.017673883 CEST",f2:42:89:7e:73:bd,187,458,-74,
5154,"Jun  5, 2025 00:38:28.120034037 CEST",f2:42:89:7e:73:bd,188,458,-73,
5158,"Jun  5, 2025 00:38:28.222422965 CEST",f2:42:89:7e:73:bd,189,458,-73,
5167,"Jun  5, 2025 00:38:28.324814826 CEST",f2:42:89:7e:73:bd,190,458,-74,
5183,"Jun  5, 2025 00:38:28.427215837 CEST",f2:42:89:7e:73:bd,191,458,-73,
5192,"Jun  5, 2025 00:38:28.529614473 CEST",f2:42:89:7e:73:bd,192,458,-74,
5197,"Jun  5, 2025 00:38:28.632018137 CEST",f2:42:89:7e:73:bd,193,458,-73,
5200,"Jun  5, 2025 00:38:28.734416354 CEST",f2:42:89:7e:73:bd,194,458,-73,
5211,"Jun  5, 2025 00:38:28.836811359 CEST",f2:42:89:7e:73:bd,195,458,-74,
5219,"Jun  5, 2025 00:38:28.939208947 CEST",f2:42:89:7e:73:bd,196,458,-72,
5225,"Jun  5, 2025 00:38:29.041602205 CEST",f2:42:89:7e:73:bd,197,458,-73,
5243,"Jun  5, 2025 00:38:29.246413446 CEST",f2:42:89:7e:73:bd,199,458,-73,
5253,"Jun  5, 2025 00:38:29.348801815 CEST",f2:42:89:7e:73:bd,200,458,-74,
5263,"Jun  5, 2025 00:38:29.451201080 CEST",f2:42:89:7e:73:bd,201,458,-73,
5270,"Jun  5, 2025 00:38:29.554236528 CEST",f2:42:89:7e:73:bd,202,458,-73,
5286,"Jun  5, 2025 00:38:29.860796601 CEST",f2:42:89:7e:73:bd,205,458,-74,
5290,"Jun  5, 2025 00:38:29.963198031 CEST",f2:42:89:7e:73:bd,206,458,-73,
5297,"Jun  5, 2025 00:38:30.065600578 CEST",f2:42:89:7e:73:bd,207,458,-73,
5299,"Jun  5, 2025 00:38:30.168016256 CEST",f2:42:89:7e:73:bd,208,458,-74,
5303,"Jun  5, 2025 00:38:30.270400644 CEST",f2:42:89:7e:73:bd,209,458,-74,
5312,"Jun  5, 2025 00:38:30.372793693 CEST",f2:42:89:7e:73:bd,210,458,-75,
5314,"Jun  5, 2025 00:38:30.475194005 CEST",f2:42:89:7e:73:bd,211,458,-74,
5320,"Jun  5, 2025 00:38:30.577604584 CEST",f2:42:89:7e:73:bd,212,458,-75,
5336,"Jun  5, 2025 00:38:30.784504428 CEST",f2:42:89:7e:73:bd,214,458,-76,
5354,"Jun  5, 2025 00:38:30.987219033 CEST",f2:42:89:7e:73:bd,216,458,-73,
5369,"Jun  5, 2025 00:38:31.090969796 CEST",f2:42:89:7e:73:bd,217,458,-73,
5374,"Jun  5, 2025 00:38:31.192002057 CEST",f2:42:89:7e:73:bd,218,458,-74,
5386,"Jun  5, 2025 00:38:31.294384769 CEST",f2:42:89:7e:73:bd,219,458,-73,
5396,"Jun  5, 2025 00:38:31.396782148 CEST",f2:42:89:7e:73:bd,220,458,-73,
5406,"Jun  5, 2025 00:38:31.499180086 CEST",f2:42:89:7e:73:bd,222,458,-73,
5416,"Jun  5, 2025 00:38:31.601577185 CEST",f2:42:89:7e:73:bd,223,458,-73,
5420,"Jun  5, 2025 00:38:31.705390247 CEST",f2:42:89:7e:73:bd,224,458,-74,
5432,"Jun  5, 2025 00:38:31.806376483 CEST",f2:42:89:7e:73:bd,225,458,-72,
5453,"Jun  5, 2025 00:38:31.908772395 CEST",f2:42:89:7e:73:bd,226,458,-72,
5472,"Jun  5, 2025 00:38:32.115365636 CEST",f2:42:89:7e:73:bd,228,458,-74,
5477,"Jun  5, 2025 00:38:32.215974170 CEST",f2:42:89:7e:73:bd,229,458,-73,
5486,"Jun  5, 2025 00:38:32.319776127 CEST",f2:42:89:7e:73:bd,230,458,-73,
5492,"Jun  5, 2025 00:38:32.420768089 CEST",f2:42:89:7e:73:bd,231,458,-74,
5501,"Jun  5, 2025 00:38:32.523167913 CEST",f2:42:89:7e:73:bd,232,458,-73,
5512,"Jun  5, 2025 00:38:32.625565990 CEST",f2:42:89:7e:73:bd,233,458,-73,
5524,"Jun  5, 2025 00:38:32.728224715 CEST",f2:42:89:7e:73:bd,234,458,-73,
5536,"Jun  5, 2025 00:38:32.830374856 CEST",f2:42:89:7e:73:bd,235,458,-73,
5542,"Jun  5, 2025 00:38:32.934148108 CEST",f2:42:89:7e:73:bd,236,458,-72,
5548,"Jun  5, 2025 00:38:33.035163398 CEST",f2:42:89:7e:73:bd,237,458,-73,
5553,"Jun  5, 2025 00:38:33.137561964 CEST",f2:42:89:7e:73:bd,238,458,-73,
5570,"Jun  5, 2025 00:38:33.342360703 CEST",f2:42:89:7e:73:bd,241,458,-73,
5575,"Jun  5, 2025 00:38:33.444759618 CEST",f2:42:89:7e:73:bd,242,458,-72,
5578,"Jun  5, 2025 00:38:33.547161118 CEST",f2:42:89:7e:73:bd,243,458,-73,
5583,"Jun  5, 2025 00:38:33.649579239 CEST",f2:42:89:7e:73:bd,244,458,-73,
5586,"Jun  5, 2025 00:38:33.751953361 CEST",f2:42:89:7e:73:bd,245,458,-72,
5591,"Jun  5, 2025 00:38:33.854350880 CEST",f2:42:89:7e:73:bd,246,458,-73,
5597,"Jun  5, 2025 00:38:33.956769351 CEST",f2:42:89:7e:73:bd,247,458,-72,
5601,"Jun  5, 2025 00:38:34.059138723 CEST",f2:42:89:7e:73:bd,248,458,-73,
5610,"Jun  5, 2025 00:38:34.161584432 CEST",f2:42:89:7e:73:bd,249,458,-73,
5628,"Jun  5, 2025 00:38:34.263948148 CEST",f2:42:89:7e:73:bd,250,458,-74,
5642,"Jun  5, 2025 00:38:34.366365850 CEST",f2:42:89:7e:73:bd,251,458,-73,
5648,"Jun  5, 2025 00:38:34.468751426 CEST",f2:42:89:7e:73:bd,252,458,-72,
5654,"Jun  5, 2025 00:38:34.571153973 CEST",f2:42:89:7e:73:bd,253,458,-73,
5659,"Jun  5, 2025 00:38:34.673558546 CEST",f2:42:89:7e:73:bd,254,458,-74,
5666,"Jun  5, 2025 00:38:34.775939372 CEST",f2:42:89:7e:73:bd,255,458,-73,
5675,"Jun  5, 2025 00:38:34.878357424 CEST",f2:42:89:7e:73:bd,256,458,-73,
5682,"Jun  5, 2025 00:38:34.980754174 CEST",f2:42:89:7e:73:bd,257,458,-72,
5688,"Jun  5, 2025 00:38:35.083149528 CEST",f2:42:89:7e:73:bd,258,458,-73,
5693,"Jun  5, 2025 00:38:35.185551237 CEST",f2:42:89:7e:73:bd,260,458,-73,
5697,"Jun  5, 2025 00:38:35.287936952 CEST",f2:42:89:7e:73:bd,261,458,-74,
5699,"Jun  5, 2025 00:38:35.390346414 CEST",f2:42:89:7e:73:bd,262,458,-73,
5714,"Jun  5, 2025 00:38:35.492731291 CEST",f2:42:89:7e:73:bd,263,458,-74,
5720,"Jun  5, 2025 00:38:35.595130695 CEST",f2:42:89:7e:73:bd,264,458,-73,
5733,"Jun  5, 2025 00:38:35.697525769 CEST",f2:42:89:7e:73:bd,265,458,-73,
5736,"Jun  5, 2025 00:38:35.799923288 CEST",f2:42:89:7e:73:bd,266,458,-73,
5743,"Jun  5, 2025 00:38:35.902324927 CEST",f2:42:89:7e:73:bd,267,458,-73,
5755,"Jun  5, 2025 00:38:36.004915347 CEST",f2:42:89:7e:73:bd,268,458,-73,
5777,"Jun  5, 2025 00:38:36.213354773 CEST",f2:42:89:7e:73:bd,270,458,-72,
5790,"Jun  5, 2025 00:38:36.311923871 CEST",f2:42:89:7e:73:bd,271,458,-73,
5797,"Jun  5, 2025 00:38:36.414336126 CEST",f2:42:89:7e:73:bd,272,458,-73,
5804,"Jun  5, 2025 00:38:36.516721493 CEST",f2:42:89:7e:73:bd,273,458,-73,
5812,"Jun  5, 2025 00:38:36.721514714 CEST",f2:42:89:7e:73:bd,275,458,-74,
5825,"Jun  5, 2025 00:38:36.823917121 CEST",f2:42:89:7e:73:bd,276,458,-73,
5834,"Jun  5, 2025 00:38:36.926323859 CEST",f2:42:89:7e:73:bd,277,458,-73,
5843,"Jun  5, 2025 00:38:37.030588794 CEST",f2:42:89:7e:73:bd,278,458,-73,
5850,"Jun  5, 2025 00:38:37.131111353 CEST",f2:42:89:7e:73:bd,279,458,-74,
5854,"Jun  5, 2025 00:38:37.335909533 CEST",f2:42:89:7e:73:bd,281,458,-73,
5859,"Jun  5, 2025 00:38:37.438322766 CEST",f2:42:89:7e:73:bd,282,458,-73,
5876,"Jun  5, 2025 00:38:37.540705269 CEST",f2:42:89:7e:73:bd,283,458,-73,
5883,"Jun  5, 2025 00:38:37.643106838 CEST",f2:42:89:7e:73:bd,284,458,-74,
5894,"Jun  5, 2025 00:38:37.745503868 CEST",f2:42:89:7e:73:bd,285,458,-73,
5911,"Jun  5, 2025 00:38:37.847902085 CEST",f2:42:89:7e:73:bd,286,458,-72,
5920,"Jun  5, 2025 00:38:37.950313083 CEST",f2:42:89:7e:73:bd,287,458,-74,
5928,"Jun  5, 2025 00:38:38.052676658 CEST",f2:42:89:7e:73:bd,288,458,-74,
5934,"Jun  5, 2025 00:38:38.155119294 CEST",f2:42:89:7e:73:bd,289,458,-72,
5938,"Jun  5, 2025 00:38:38.257507943 CEST",f2:42:89:7e:73:bd,290,458,-73,
5951,"Jun  5, 2025 00:38:38.359907417 CEST",f2:42:89:7e:73:bd,291,458,-74,
5959,"Jun  5, 2025 00:38:38.462298790 CEST",f2:42:89:7e:73:bd,292,458,-72,
5964,"Jun  5, 2025 00:38:38.564695610 CEST",f2:42:89:7e:73:bd,293,458,-73,
5971,"Jun  5, 2025 00:38:38.769498330 CEST",f2:42:89:7e:73:bd,295,458,-73,
5984,"Jun  5, 2025 00:38:38.871892426 CEST",f2:42:89:7e:73:bd,296,458,-72,
5988,"Jun  5, 2025 00:38:38.974285405 CEST",f2:42:89:7e:73:bd,297,458,-73,
5997,"Jun  5, 2025 00:38:39.078108873 CEST",f2:42:89:7e:73:bd,298,458,-73,
6010,"Jun  5, 2025 00:38:39.179086937 CEST",f2:42:89:7e:73:bd,299,458,-73,
6021,"Jun  5, 2025 00:38:39.281661015 CEST",f2:42:89:7e:73:bd,300,458,-74,
6029,"Jun  5, 2025 00:38:39.383872616 CEST",f2:42:89:7e:73:bd,301,458,-73,
6047,"Jun  5, 2025 00:38:39.486285150 CEST",f2:42:89:7e:73:bd,302,458,-73,
6054,"Jun  5, 2025 00:38:39.588669120 CEST",f2:42:89:7e:73:bd,303,458,-74,
6061,"Jun  5, 2025 00:38:39.691114130 CEST",f2:42:89:7e:73:bd,304,458,-73,
6066,"Jun  5, 2025 00:38:39.793486296 CEST",f2:42:89:7e:73:bd,305,458,-73,
6070,"Jun  5, 2025 00:38:39.895879136 CEST",f2:42:89:7e:73:bd,306,458,-73,
6073,"Jun  5, 2025 00:38:39.998275956 CEST",f2:42:89:7e:73:bd,307,458,-73,
6078,"Jun  5, 2025 00:38:40.100694287 CEST",f2:42:89:7e:73:bd,308,458,-73,
6084,"Jun  5, 2025 00:38:40.203074485 CEST",f2:42:89:7e:73:bd,309,458,-74,
6088,"Jun  5, 2025 00:38:40.306878677 CEST",f2:42:89:7e:73:bd,310,458,-73,
6101,"Jun  5, 2025 00:38:40.407875389 CEST",f2:42:89:7e:73:bd,311,458,-73,
6105,"Jun  5, 2025 00:38:40.510292393 CEST",f2:42:89:7e:73:bd,312,458,-73,
6113,"Jun  5, 2025 00:38:40.612669658 CEST",f2:42:89:7e:73:bd,313,458,-73,
6118,"Jun  5, 2025 00:38:40.715068852 CEST",f2:42:89:7e:73:bd,314,458,-73,
6133,"Jun  5, 2025 00:38:40.817461761 CEST",f2:42:89:7e:73:bd,315,458,-73,
6139,"Jun  5, 2025 00:38:40.919868429 CEST",f2:42:89:7e:73:bd,316,458,-73,
6148,"Jun  5, 2025 00:38:41.022285364 CEST",f2:42:89:7e:73:bd,317,458,-73,
6164,"Jun  5, 2025 00:38:41.124684628 CEST",f2:42:89:7e:73:bd,318,458,-73,
6170,"Jun  5, 2025 00:38:41.227063988 CEST",f2:42:89:7e:73:bd,319,458,-73,
6183,"Jun  5, 2025 00:38:41.329458853 CEST",f2:42:89:7e:73:bd,320,458,-73,
6191,"Jun  5, 2025 00:38:41.431862517 CEST",f2:42:89:7e:73:bd,321,458,-73,
6195,"Jun  5, 2025 00:38:41.535690385 CEST",f2:42:89:7e:73:bd,322,458,-73,
6198,"Jun  5, 2025 00:38:41.636666983 CEST",f2:42:89:7e:73:bd,323,458,-73,
6214,"Jun  5, 2025 00:38:41.841450496 CEST",f2:42:89:7e:73:bd,325,458,-73,
6220,"Jun  5, 2025 00:38:41.945843450 CEST",f2:42:89:7e:73:bd,326,458,-73,
6229,"Jun  5, 2025 00:38:42.046265089 CEST",f2:42:89:7e:73:bd,327,458,-74,
6234,"Jun  5, 2025 00:38:42.150082690 CEST",f2:42:89:7e:73:bd,328,458,-72,
6237,"Jun  5, 2025 00:38:42.251059288 CEST",f2:42:89:7e:73:bd,329,458,-74,
6247,"Jun  5, 2025 00:38:42.355434921 CEST",f2:42:89:7e:73:bd,330,458,-74,
6260,"Jun  5, 2025 00:38:42.455869620 CEST",f2:42:89:7e:73:bd,331,458,-73,
6271,"Jun  5, 2025 00:38:42.558252752 CEST",f2:42:89:7e:73:bd,332,458,-74,
6319,"Jun  5, 2025 00:38:42.967848483 CEST",f2:42:89:7e:73:bd,336,458,-74,
6327,"Jun  5, 2025 00:38:43.070251310 CEST",f2:42:89:7e:73:bd,337,458,-74,
6340,"Jun  5, 2025 00:38:43.172640517 CEST",f2:42:89:7e:73:bd,338,458,-73,
6344,"Jun  5, 2025 00:38:43.275038594 CEST",f2:42:89:7e:73:bd,339,458,-74,
6347,"Jun  5, 2025 00:38:43.377441770 CEST",f2:42:89:7e:73:bd,340,458,-73,
6353,"Jun  5, 2025 00:38:43.584546459 CEST",f2:42:89:7e:73:bd,342,458,-74,
6356,"Jun  5, 2025 00:38:43.684645919 CEST",f2:42:89:7e:73:bd,343,458,-74,
6360,"Jun  5, 2025 00:38:43.787025000 CEST",f2:42:89:7e:73:bd,344,458,-73,
6376,"Jun  5, 2025 00:38:43.889430411 CEST",f2:42:89:7e:73:bd,345,458,-74,
6381,"Jun  5, 2025 00:38:43.993253180 CEST",f2:42:89:7e:73:bd,346,458,-73,
6387,"Jun  5, 2025 00:38:44.094248426 CEST",f2:42:89:7e:73:bd,347,458,-73,
6404,"Jun  5, 2025 00:38:44.196634700 CEST",f2:42:89:7e:73:bd,348,458,-74,
6413,"Jun  5, 2025 00:38:44.299029075 CEST",f2:42:89:7e:73:bd,349,458,-73,
6416,"Jun  5, 2025 00:38:44.401436581 CEST",f2:42:89:7e:73:bd,350,458,-74,
6426,"Jun  5, 2025 00:38:44.606519434 CEST",f2:42:89:7e:73:bd,352,458,-74,
6429,"Jun  5, 2025 00:38:44.708667969 CEST",f2:42:89:7e:73:bd,353,458,-74,
6440,"Jun  5, 2025 00:38:44.811030217 CEST",f2:42:89:7e:73:bd,354,458,-73,
6448,"Jun  5, 2025 00:38:44.913420822 CEST",f2:42:89:7e:73:bd,355,458,-74,
6458,"Jun  5, 2025 00:38:45.015822461 CEST",f2:42:89:7e:73:bd,356,458,-73,
6462,"Jun  5, 2025 00:38:45.118218373 CEST",f2:42:89:7e:73:bd,357,458,-74,
6468,"Jun  5, 2025 00:38:45.220630000 CEST",f2:42:89:7e:73:bd,358,458,-74,
6472,"Jun  5, 2025 00:38:45.323007544 CEST",f2:42:89:7e:73:bd,359,458,-73,
6476,"Jun  5, 2025 00:38:45.425408415 CEST",f2:42:89:7e:73:bd,360,458,-74,
6479,"Jun  5, 2025 00:38:45.527811381 CEST",f2:42:89:7e:73:bd,361,458,-74,
6483,"Jun  5, 2025 00:38:45.630207433 CEST",f2:42:89:7e:73:bd,362,458,-74,
6489,"Jun  5, 2025 00:38:45.732606208 CEST",f2:42:89:7e:73:bd,363,458,-73,
6510,"Jun  5, 2025 00:38:45.937404249 CEST",f2:42:89:7e:73:bd,365,458,-74,
6522,"Jun  5, 2025 00:38:46.039802326 CEST",f2:42:89:7e:73:bd,366,458,-74,
6536,"Jun  5, 2025 00:38:46.142202638 CEST",f2:42:89:7e:73:bd,367,458,-73,
6543,"Jun  5, 2025 00:38:46.244762258 CEST",f2:42:89:7e:73:bd,368,458,-74,
6563,"Jun  5, 2025 00:38:46.346992717 CEST",f2:42:89:7e:73:bd,369,458,-74,
6579,"Jun  5, 2025 00:38:46.450818140 CEST",f2:42:89:7e:73:bd,370,458,-74,
6586,"Jun  5, 2025 00:38:46.551805005 CEST",f2:42:89:7e:73:bd,371,458,-73,
6595,"Jun  5, 2025 00:38:46.654215863 CEST",f2:42:89:7e:73:bd,372,458,-74,
6599,"Jun  5, 2025 00:38:46.756601578 CEST",f2:42:89:7e:73:bd,373,458,-74,
6613,"Jun  5, 2025 00:38:46.858985408 CEST",f2:42:89:7e:73:bd,374,458,-74,
6622,"Jun  5, 2025 00:38:46.963386673 CEST",f2:42:89:7e:73:bd,375,458,-74,
6631,"Jun  5, 2025 00:38:47.065721823 CEST",f2:42:89:7e:73:bd,376,458,-74,
6635,"Jun  5, 2025 00:38:47.166209322 CEST",f2:42:89:7e:73:bd,377,458,-73,
6642,"Jun  5, 2025 00:38:47.268596015 CEST",f2:42:89:7e:73:bd,378,458,-73,
6647,"Jun  5, 2025 00:38:47.371001356 CEST",f2:42:89:7e:73:bd,379,458,-74,
6652,"Jun  5, 2025 00:38:47.473380926 CEST",f2:42:89:7e:73:bd,380,458,-74,
6672,"Jun  5, 2025 00:38:47.575788362 CEST",f2:42:89:7e:73:bd,381,458,-74,
6677,"Jun  5, 2025 00:38:47.678850141 CEST",f2:42:89:7e:73:bd,382,458,-74,
6686,"Jun  5, 2025 00:38:47.780586192 CEST",f2:42:89:7e:73:bd,383,458,-74,
6702,"Jun  5, 2025 00:38:47.882991254 CEST",f2:42:89:7e:73:bd,384,458,-73,
6717,"Jun  5, 2025 00:38:48.087794253 CEST",f2:42:89:7e:73:bd,386,458,-74,
6722,"Jun  5, 2025 00:38:48.190183321 CEST",f2:42:89:7e:73:bd,387,458,-73,
6734,"Jun  5, 2025 00:38:48.292574623 CEST",f2:42:89:7e:73:bd,388,458,-72,
6746,"Jun  5, 2025 00:38:48.394976961 CEST",f2:42:89:7e:73:bd,389,458,-74,
6758,"Jun  5, 2025 00:38:48.497372803 CEST",f2:42:89:7e:73:bd,390,458,-73,
6772,"Jun  5, 2025 00:38:48.599769903 CEST",f2:42:89:7e:73:bd,393,458,-74,
6775,"Jun  5, 2025 00:38:48.702185510 CEST",f2:42:89:7e:73:bd,394,458,-73,
6786,"Jun  5, 2025 00:38:48.804581004 CEST",f2:42:89:7e:73:bd,395,458,-74,
6793,"Jun  5, 2025 00:38:48.908398954 CEST",f2:42:89:7e:73:bd,396,458,-74,
6802,"Jun  5, 2025 00:38:49.009387565 CEST",f2:42:89:7e:73:bd,397,458,-74,
6806,"Jun  5, 2025 00:38:49.111780962 CEST",f2:42:89:7e:73:bd,398,458,-73,
6817,"Jun  5, 2025 00:38:49.214163744 CEST",f2:42:89:7e:73:bd,399,458,-74,
6832,"Jun  5, 2025 00:38:49.316563219 CEST",f2:42:89:7e:73:bd,400,458,-72,
6842,"Jun  5, 2025 00:38:49.418962693 CEST",f2:42:89:7e:73:bd,401,458,-73,
6851,"Jun  5, 2025 00:38:49.521357627 CEST",f2:42:89:7e:73:bd,402,458,-72,
6860,"Jun  5, 2025 00:38:49.627571902 CEST",f2:42:89:7e:73:bd,403,458,-72,
6867,"Jun  5, 2025 00:38:49.726161255 CEST",f2:42:89:7e:73:bd,404,458,-73,
6873,"Jun  5, 2025 00:38:49.828556958 CEST",f2:42:89:7e:73:bd,405,458,-72,
6875,"Jun  5, 2025 00:38:49.930976616 CEST",f2:42:89:7e:73:bd,406,458,-72,
6882,"Jun  5, 2025 00:38:50.033360795 CEST",f2:42:89:7e:73:bd,407,458,-72,
6885,"Jun  5, 2025 00:38:50.135761735 CEST",f2:42:89:7e:73:bd,408,458,-72,
6895,"Jun  5, 2025 00:38:50.238153038 CEST",f2:42:89:7e:73:bd,409,458,-72,
6904,"Jun  5, 2025 00:38:50.442942977 CEST",f2:42:89:7e:73:bd,411,458,-72,
6907,"Jun  5, 2025 00:38:50.545361657 CEST",f2:42:89:7e:73:bd,412,458,-72,
6912,"Jun  5, 2025 00:38:50.647774820 CEST",f2:42:89:7e:73:bd,413,458,-72,
6914,"Jun  5, 2025 00:38:50.750161723 CEST",f2:42:89:7e:73:bd,414,458,-73,
6926,"Jun  5, 2025 00:38:50.852550372 CEST",f2:42:89:7e:73:bd,415,458,-73,
6933,"Jun  5, 2025 00:38:50.954954246 CEST",f2:42:89:7e:73:bd,416,458,-74,
6956,"Jun  5, 2025 00:38:51.057351974 CEST",f2:42:89:7e:73:bd,417,458,-73,
6978,"Jun  5, 2025 00:38:51.262144078 CEST",f2:42:89:7e:73:bd,421,458,-74,
6988,"Jun  5, 2025 00:38:51.365959305 CEST",f2:42:89:7e:73:bd,422,458,-73,
7000,"Jun  5, 2025 00:38:51.469881109 CEST",f2:42:89:7e:73:bd,424,458,-72,
7007,"Jun  5, 2025 00:38:51.569340684 CEST",f2:42:89:7e:73:bd,425,458,-74,
7012,"Jun  5, 2025 00:38:51.671757270 CEST",f2:42:89:7e:73:bd,426,458,-74,
7017,"Jun  5, 2025 00:38:51.774142775 CEST",f2:42:89:7e:73:bd,427,458,-73,
7031,"Jun  5, 2025 00:38:51.876541970 CEST",f2:42:89:7e:73:bd,428,458,-73,
7039,"Jun  5, 2025 00:38:51.980994638 CEST",f2:42:89:7e:73:bd,429,458,-73,
7051,"Jun  5, 2025 00:38:52.081336379 CEST",f2:42:89:7e:73:bd,430,458,-73,
7056,"Jun  5, 2025 00:38:52.185658234 CEST",f2:42:89:7e:73:bd,431,458,-73,
7059,"Jun  5, 2025 00:38:52.286130648 CEST",f2:42:89:7e:73:bd,432,458,-73,
7066,"Jun  5, 2025 00:38:52.388537595 CEST",f2:42:89:7e:73:bd,433,458,-73,
7073,"Jun  5, 2025 00:38:52.490922263 CEST",f2:42:89:7e:73:bd,434,458,-72,
7083,"Jun  5, 2025 00:38:52.593322575 CEST",f2:42:89:7e:73:bd,435,458,-73,
7101,"Jun  5, 2025 00:38:52.798125504 CEST",f2:42:89:7e:73:bd,437,458,-73,
7113,"Jun  5, 2025 00:38:52.900518692 CEST",f2:42:89:7e:73:bd,438,458,-72,
7123,"Jun  5, 2025 00:38:53.002930738 CEST",f2:42:89:7e:73:bd,439,458,-73,
7133,"Jun  5, 2025 00:38:53.105314288 CEST",f2:42:89:7e:73:bd,441,458,-73,
7140,"Jun  5, 2025 00:38:53.310112119 CEST",f2:42:89:7e:73:bd,443,458,-73,
7146,"Jun  5, 2025 00:38:53.412515155 CEST",f2:42:89:7e:73:bd,444,458,-74,
7154,"Jun  5, 2025 00:38:53.514902756 CEST",f2:42:89:7e:73:bd,445,458,-73,
7161,"Jun  5, 2025 00:38:53.617307468 CEST",f2:42:89:7e:73:bd,446,458,-73,
7165,"Jun  5, 2025 00:38:53.719713996 CEST",f2:42:89:7e:73:bd,447,458,-74,
7167,"Jun  5, 2025 00:38:53.823533274 CEST",f2:42:89:7e:73:bd,448,458,-73,
7170,"Jun  5, 2025 00:38:53.924510500 CEST",f2:42:89:7e:73:bd,449,458,-73,
7172,"Jun  5, 2025 00:38:54.026931346 CEST",f2:42:89:7e:73:bd,450,458,-73,
7181,"Jun  5, 2025 00:38:54.129346185 CEST",f2:42:89:7e:73:bd,451,458,-73,
7195,"Jun  5, 2025 00:38:54.231715907 CEST",f2:42:89:7e:73:bd,452,458,-73,
7221,"Jun  5, 2025 00:38:54.334117406 CEST",f2:42:89:7e:73:bd,453,458,-73,
7235,"Jun  5, 2025 00:38:54.436506614 CEST",f2:42:89:7e:73:bd,454,458,-73,
7247,"Jun  5, 2025 00:38:54.538934374 CEST",f2:42:89:7e:73:bd,455,458,-75,
7253,"Jun  5, 2025 00:38:54.641304026 CEST",f2:42:89:7e:73:bd,456,458,-72,
7257,"Jun  5, 2025 00:38:54.743703779 CEST",f2:42:89:7e:73:bd,457,458,-75,
7270,"Jun  5, 2025 00:38:54.846098225 CEST",f2:42:89:7e:73:bd,458,458,-74,
7284,"Jun  5, 2025 00:38:55.051187014 CEST",f2:42:89:7e:73:bd,460,458,-74,
7293,"Jun  5, 2025 00:38:55.255693118 CEST",f2:42:89:7e:73:bd,462,458,-74,
7296,"Jun  5, 2025 00:38:55.358093360 CEST",f2:42:89:7e:73:bd,463,458,-73,
7309,"Jun  5, 2025 00:38:55.460488644 CEST",f2:42:89:7e:73:bd,464,458,-73,
7312,"Jun  5, 2025 00:38:55.562909769 CEST",f2:42:89:7e:73:bd,465,458,-73,
7319,"Jun  5, 2025 00:38:55.666722831 CEST",f2:42:89:7e:73:bd,466,458,-73,
7323,"Jun  5, 2025 00:38:55.767690489 CEST",f2:42:89:7e:73:bd,467,458,-73,
7326,"Jun  5, 2025 00:38:55.870099671 CEST",f2:42:89:7e:73:bd,468,458,-72,
7345,"Jun  5, 2025 00:38:56.075035717 CEST",f2:42:89:7e:73:bd,470,458,-73,
7361,"Jun  5, 2025 00:38:56.177296487 CEST",f2:42:89:7e:73:bd,471,458,-73,
7371,"Jun  5, 2025 00:38:56.281098234 CEST",f2:42:89:7e:73:bd,472,458,-74,
7381,"Jun  5, 2025 00:38:56.385767969 CEST",f2:42:89:7e:73:bd,473,458,-73,
7391,"Jun  5, 2025 00:38:56.484497563 CEST",f2:42:89:7e:73:bd,474,458,-73,
7397,"Jun  5, 2025 00:38:56.586860580 CEST",f2:42:89:7e:73:bd,475,458,-72,
7401,"Jun  5, 2025 00:38:56.689294067 CEST",f2:42:89:7e:73:bd,476,458,-73,
7419,"Jun  5, 2025 00:38:56.791684322 CEST",f2:42:89:7e:73:bd,477,458,-73,
7440,"Jun  5, 2025 00:38:56.998574318 CEST",f2:42:89:7e:73:bd,479,458,-73,
7449,"Jun  5, 2025 00:38:57.098905722 CEST",f2:42:89:7e:73:bd,480,458,-72,
7455,"Jun  5, 2025 00:38:57.201300587 CEST",f2:42:89:7e:73:bd,481,458,-72,
7458,"Jun  5, 2025 00:38:57.303672753 CEST",f2:42:89:7e:73:bd,482,458,-72,
7461,"Jun  5, 2025 00:38:57.406071389 CEST",f2:42:89:7e:73:bd,483,458,-72,
7472,"Jun  5, 2025 00:38:57.508472050 CEST",f2:42:89:7e:73:bd,484,458,-72,
7488,"Jun  5, 2025 00:38:57.610863842 CEST",f2:42:89:7e:73:bd,485,458,-72,
7495,"Jun  5, 2025 00:38:57.713285735 CEST",f2:42:89:7e:73:bd,486,458,-73,
7503,"Jun  5, 2025 00:38:57.815668657 CEST",f2:42:89:7e:73:bd,487,458,-73,
7514,"Jun  5, 2025 00:38:57.918073020 CEST",f2:42:89:7e:73:bd,488,458,-73,
7522,"Jun  5, 2025 00:38:58.020458945 CEST",f2:42:89:7e:73:bd,489,458,-73,
7537,"Jun  5, 2025 00:38:58.122855276 CEST",f2:42:89:7e:73:bd,490,458,-73,
7545,"Jun  5, 2025 00:38:58.225280312 CEST",f2:42:89:7e:73:bd,491,458,-73,
7554,"Jun  5, 2025 00:38:58.327662116 CEST",f2:42:89:7e:73:bd,492,458,-72,
7570,"Jun  5, 2025 00:38:58.430053698 CEST",f2:42:89:7e:73:bd,493,458,-73,
7581,"Jun  5, 2025 00:38:58.532454220 CEST",f2:42:89:7e:73:bd,494,458,-73,
7589,"Jun  5, 2025 00:38:58.738702305 CEST",f2:42:89:7e:73:bd,496,458,-73,
7598,"Jun  5, 2025 00:38:58.839673246 CEST",f2:42:89:7e:73:bd,497,458,-72,
7608,"Jun  5, 2025 00:38:58.943639749 CEST",f2:42:89:7e:73:bd,498,458,-74,
7616,"Jun  5, 2025 00:38:59.044423375 CEST",f2:42:89:7e:73:bd,499,458,-73,
7625,"Jun  5, 2025 00:38:59.146856582 CEST",f2:42:89:7e:73:bd,500,458,-73,
7639,"Jun  5, 2025 00:38:59.249249491 CEST",f2:42:89:7e:73:bd,501,458,-73,
7649,"Jun  5, 2025 00:38:59.351667404 CEST",f2:42:89:7e:73:bd,502,458,-73,
7658,"Jun  5, 2025 00:38:59.454053468 CEST",f2:42:89:7e:73:bd,503,458,-73,
7671,"Jun  5, 2025 00:38:59.556446726 CEST",f2:42:89:7e:73:bd,504,458,-73,
7678,"Jun  5, 2025 00:38:59.658843686 CEST",f2:42:89:7e:73:bd,505,458,-73,
7683,"Jun  5, 2025 00:38:59.761224583 CEST",f2:42:89:7e:73:bd,506,458,-73,
7686,"Jun  5, 2025 00:38:59.863638863 CEST",f2:42:89:7e:73:bd,507,458,-73,
7688,"Jun  5, 2025 00:38:59.966038617 CEST",f2:42:89:7e:73:bd,508,458,-73,
7691,"Jun  5, 2025 00:39:00.068448078 CEST",f2:42:89:7e:73:bd,509,458,-73,
7693,"Jun  5, 2025 00:39:00.170901400 CEST",f2:42:89:7e:73:bd,510,458,-72,
7699,"Jun  5, 2025 00:39:00.273240182 CEST",f2:42:89:7e:73:bd,511,458,-73,
7707,"Jun  5, 2025 00:39:00.478025162 CEST",f2:42:89:7e:73:bd,513,458,-74,
7712,"Jun  5, 2025 00:39:00.580619144 CEST",f2:42:89:7e:73:bd,514,458,-74,
7716,"Jun  5, 2025 00:39:00.682858123 CEST",f2:42:89:7e:73:bd,515,458,-73,
7730,"Jun  5, 2025 00:39:00.785228473 CEST",f2:42:89:7e:73:bd,516,458,-73,
7739,"Jun  5, 2025 00:39:00.887629973 CEST",f2:42:89:7e:73:bd,517,458,-72,
7747,"Jun  5, 2025 00:39:00.990037548 CEST",f2:42:89:7e:73:bd,518,458,-73,
7760,"Jun  5, 2025 00:39:01.092422076 CEST",f2:42:89:7e:73:bd,519,458,-73,
7768,"Jun  5, 2025 00:39:01.194843481 CEST",f2:42:89:7e:73:bd,520,458,-74,
7781,"Jun  5, 2025 00:39:01.297233456 CEST",f2:42:89:7e:73:bd,521,458,-73,
7791,"Jun  5, 2025 00:39:01.399619451 CEST",f2:42:89:7e:73:bd,522,458,-73,
7802,"Jun  5, 2025 00:39:01.502020671 CEST",f2:42:89:7e:73:bd,523,458,-73,
7810,"Jun  5, 2025 00:39:01.604421333 CEST",f2:42:89:7e:73:bd,524,458,-73,
7814,"Jun  5, 2025 00:39:01.706839804 CEST",f2:42:89:7e:73:bd,525,458,-72,
7831,"Jun  5, 2025 00:39:01.809231246 CEST",f2:42:89:7e:73:bd,526,458,-73,
7838,"Jun  5, 2025 00:39:01.911612631 CEST",f2:42:89:7e:73:bd,527,458,-73,
7847,"Jun  5, 2025 00:39:02.016103363 CEST",f2:42:89:7e:73:bd,528,458,-73,
7855,"Jun  5, 2025 00:39:02.219093981 CEST",f2:42:89:7e:73:bd,530,458,-72,
7864,"Jun  5, 2025 00:39:02.321229106 CEST",f2:42:89:7e:73:bd,531,458,-73,
7867,"Jun  5, 2025 00:39:02.423612307 CEST",f2:42:89:7e:73:bd,532,458,-73,
7875,"Jun  5, 2025 00:39:02.526003190 CEST",f2:42:89:7e:73:bd,533,458,-72,
7898,"Jun  5, 2025 00:39:02.730902710 CEST",f2:42:89:7e:73:bd,535,458,-72,
7918,"Jun  5, 2025 00:39:02.833212857 CEST",f2:42:89:7e:73:bd,536,458,-72,
7925,"Jun  5, 2025 00:39:02.935597804 CEST",f2:42:89:7e:73:bd,537,458,-72,
7936,"Jun  5, 2025 00:39:03.038013901 CEST",f2:42:89:7e:73:bd,538,458,-73,
7945,"Jun  5, 2025 00:39:03.140395286 CEST",f2:42:89:7e:73:bd,539,458,-74,
7951,"Jun  5, 2025 00:39:03.242835268 CEST",f2:42:89:7e:73:bd,540,458,-73,
7957,"Jun  5, 2025 00:39:03.345189066 CEST",f2:42:89:7e:73:bd,541,458,-73,
7966,"Jun  5, 2025 00:39:03.447596013 CEST",f2:42:89:7e:73:bd,542,458,-73,
7972,"Jun  5, 2025 00:39:03.549998001 CEST",f2:42:89:7e:73:bd,543,458,-73,
7977,"Jun  5, 2025 00:39:03.655784079 CEST",f2:42:89:7e:73:bd,544,458,-73,
7980,"Jun  5, 2025 00:39:03.754830474 CEST",f2:42:89:7e:73:bd,545,458,-73,
7984,"Jun  5, 2025 00:39:03.857189998 CEST",f2:42:89:7e:73:bd,546,458,-73,
7991,"Jun  5, 2025 00:39:03.959587447 CEST",f2:42:89:7e:73:bd,548,458,-73,
7995,"Jun  5, 2025 00:39:04.061990204 CEST",f2:42:89:7e:73:bd,549,458,-73,
8004,"Jun  5, 2025 00:39:04.164403367 CEST",f2:42:89:7e:73:bd,550,458,-72,
8017,"Jun  5, 2025 00:39:04.266837762 CEST",f2:42:89:7e:73:bd,551,458,-72,
8039,"Jun  5, 2025 00:39:04.369186461 CEST",f2:42:89:7e:73:bd,552,458,-72,
8047,"Jun  5, 2025 00:39:04.471591243 CEST",f2:42:89:7e:73:bd,553,458,-73,
8050,"Jun  5, 2025 00:39:04.573988343 CEST",f2:42:89:7e:73:bd,554,458,-74,
8056,"Jun  5, 2025 00:39:04.676398083 CEST",f2:42:89:7e:73:bd,555,458,-73,
8071,"Jun  5, 2025 00:39:04.778810478 CEST",f2:42:89:7e:73:bd,556,458,-73,
8091,"Jun  5, 2025 00:39:04.881180898 CEST",f2:42:89:7e:73:bd,557,458,-73,
8094,"Jun  5, 2025 00:39:04.983592804 CEST",f2:42:89:7e:73:bd,558,458,-72,
8104,"Jun  5, 2025 00:39:05.085979707 CEST",f2:42:89:7e:73:bd,559,458,-74,
8110,"Jun  5, 2025 00:39:05.188375899 CEST",f2:42:89:7e:73:bd,560,458,-74,
8116,"Jun  5, 2025 00:39:05.290814693 CEST",f2:42:89:7e:73:bd,562,458,-72,
8121,"Jun  5, 2025 00:39:05.393173450 CEST",f2:42:89:7e:73:bd,563,458,-72,
8126,"Jun  5, 2025 00:39:05.495573203 CEST",f2:42:89:7e:73:bd,564,458,-73,
8129,"Jun  5, 2025 00:39:05.597972189 CEST",f2:42:89:7e:73:bd,565,458,-72,
8136,"Jun  5, 2025 00:39:05.700366983 CEST",f2:42:89:7e:73:bd,566,458,-72,
8141,"Jun  5, 2025 00:39:05.802795372 CEST",f2:42:89:7e:73:bd,567,458,-72,
8155,"Jun  5, 2025 00:39:05.905188770 CEST",f2:42:89:7e:73:bd,568,458,-72,
8165,"Jun  5, 2025 00:39:06.007563380 CEST",f2:42:89:7e:73:bd,569,458,-73,
8183,"Jun  5, 2025 00:39:06.109986251 CEST",f2:42:89:7e:73:bd,570,458,-73,
8192,"Jun  5, 2025 00:39:06.212360653 CEST",f2:42:89:7e:73:bd,571,458,-73,
15,"Jun  5, 2025 00:37:36.236749436 CEST",40:ee:dd:0e:38:54,2752,305,-84,
51,"Jun  5, 2025 00:37:36.437420834 CEST",40:ee:dd:0e:38:54,2754,305,-83,
62,"Jun  5, 2025 00:37:36.638114232 CEST",40:ee:dd:0e:38:54,2756,305,-82,
88,"Jun  5, 2025 00:37:36.838822018 CEST",40:ee:dd:0e:38:54,2758,305,-83,
251,"Jun  5, 2025 00:37:38.446596442 CEST",40:ee:dd:0e:38:54,2777,305,-82,
318,"Jun  5, 2025 00:37:39.046551786 CEST",40:ee:dd:0e:38:54,2783,305,-85,
370,"Jun  5, 2025 00:37:39.648686806 CEST",40:ee:dd:0e:38:54,2789,305,-83,
433,"Jun  5, 2025 00:37:40.050051463 CEST",40:ee:dd:0e:38:54,2793,305,-82,
478,"Jun  5, 2025 00:37:40.451472901 CEST",40:ee:dd:0e:38:54,2797,305,-82,
509,"Jun  5, 2025 00:37:40.653419670 CEST",40:ee:dd:0e:38:54,2799,305,-83,
530,"Jun  5, 2025 00:37:40.752535347 CEST",40:ee:dd:0e:38:54,2800,305,-84,
544,"Jun  5, 2025 00:37:40.852872199 CEST",40:ee:dd:0e:38:54,2801,305,-83,
555,"Jun  5, 2025 00:37:40.953255564 CEST",40:ee:dd:0e:38:54,2803,305,-84,
561,"Jun  5, 2025 00:37:41.053595978 CEST",40:ee:dd:0e:38:54,2804,305,-83,
573,"Jun  5, 2025 00:37:41.153935483 CEST",40:ee:dd:0e:38:54,2805,305,-86,
585,"Jun  5, 2025 00:37:41.254275128 CEST",40:ee:dd:0e:38:54,2806,305,-84,
597,"Jun  5, 2025 00:37:41.354626088 CEST",40:ee:dd:0e:38:54,2807,305,-81,
606,"Jun  5, 2025 00:37:41.454976558 CEST",40:ee:dd:0e:38:54,2808,305,-83,
620,"Jun  5, 2025 00:37:41.555335200 CEST",40:ee:dd:0e:38:54,2809,305,-82,
638,"Jun  5, 2025 00:37:41.655690630 CEST",40:ee:dd:0e:38:54,2810,305,-82,
677,"Jun  5, 2025 00:37:41.856388707 CEST",40:ee:dd:0e:38:54,2812,305,-82,
683,"Jun  5, 2025 00:37:41.956726048 CEST",40:ee:dd:0e:38:54,2813,305,-83,
709,"Jun  5, 2025 00:37:42.157436836 CEST",40:ee:dd:0e:38:54,2815,305,-81,
774,"Jun  5, 2025 00:37:42.558844515 CEST",40:ee:dd:0e:38:54,2819,305,-82,
822,"Jun  5, 2025 00:37:43.160944056 CEST",40:ee:dd:0e:38:54,2827,305,-83,
826,"Jun  5, 2025 00:37:43.261302419 CEST",40:ee:dd:0e:38:54,2828,305,-82,
831,"Jun  5, 2025 00:37:43.361825397 CEST",40:ee:dd:0e:38:54,2829,305,-83,
837,"Jun  5, 2025 00:37:43.462007620 CEST",40:ee:dd:0e:38:54,2830,305,-83,
840,"Jun  5, 2025 00:37:43.562355367 CEST",40:ee:dd:0e:38:54,2831,305,-82,
885,"Jun  5, 2025 00:37:44.064132723 CEST",40:ee:dd:0e:38:54,2836,305,-85,
954,"Jun  5, 2025 00:37:44.766587972 CEST",40:ee:dd:0e:38:54,2845,305,-83,
963,"Jun  5, 2025 00:37:44.866912252 CEST",40:ee:dd:0e:38:54,2846,305,-84,
974,"Jun  5, 2025 00:37:45.067623530 CEST",40:ee:dd:0e:38:54,2848,305,-83,
997,"Jun  5, 2025 00:37:45.569385940 CEST",40:ee:dd:0e:38:54,2853,305,-83,
1000,"Jun  5, 2025 00:37:45.669748493 CEST",40:ee:dd:0e:38:54,2854,305,-84,
1014,"Jun  5, 2025 00:37:45.770073681 CEST",40:ee:dd:0e:38:54,2855,305,-85,
1021,"Jun  5, 2025 00:37:45.870430996 CEST",40:ee:dd:0e:38:54,2856,305,-83,
1030,"Jun  5, 2025 00:37:45.970813314 CEST",40:ee:dd:0e:38:54,2857,305,-83,
1056,"Jun  5, 2025 00:37:46.171644579 CEST",40:ee:dd:0e:38:54,2859,305,-84,
1086,"Jun  5, 2025 00:37:46.472558403 CEST",40:ee:dd:0e:38:54,2863,305,-85,
1161,"Jun  5, 2025 00:37:47.174993608 CEST",40:ee:dd:0e:38:54,2871,305,-83,
1197,"Jun  5, 2025 00:37:47.576399262 CEST",40:ee:dd:0e:38:54,2875,305,-83,
1243,"Jun  5, 2025 00:37:47.978338852 CEST",40:ee:dd:0e:38:54,2879,305,-84,
1264,"Jun  5, 2025 00:37:48.278872810 CEST",40:ee:dd:0e:38:54,2884,305,-84,
1312,"Jun  5, 2025 00:37:48.579911929 CEST",40:ee:dd:0e:38:54,2887,305,-84,
1342,"Jun  5, 2025 00:37:48.887569418 CEST",40:ee:dd:0e:38:54,2890,305,-84,
1405,"Jun  5, 2025 00:37:49.483093612 CEST",40:ee:dd:0e:38:54,2896,305,-83,
1423,"Jun  5, 2025 00:37:49.683787499 CEST",40:ee:dd:0e:38:54,2898,305,-84,
1434,"Jun  5, 2025 00:37:49.884481665 CEST",40:ee:dd:0e:38:54,2900,305,-84,
1442,"Jun  5, 2025 00:37:50.085206143 CEST",40:ee:dd:0e:38:54,2902,305,-83,
1464,"Jun  5, 2025 00:37:50.586947181 CEST",40:ee:dd:0e:38:54,2907,305,-84,
1469,"Jun  5, 2025 00:37:50.687289550 CEST",40:ee:dd:0e:38:54,2908,305,-83,
1471,"Jun  5, 2025 00:37:50.787645538 CEST",40:ee:dd:0e:38:54,2909,305,-84,
1490,"Jun  5, 2025 00:37:50.887997895 CEST",40:ee:dd:0e:38:54,2910,305,-83,
1506,"Jun  5, 2025 00:37:50.988343965 CEST",40:ee:dd:0e:38:54,2911,305,-82,
1542,"Jun  5, 2025 00:37:51.289428482 CEST",40:ee:dd:0e:38:54,2914,305,-84,
1555,"Jun  5, 2025 00:37:51.389777486 CEST",40:ee:dd:0e:38:54,2915,305,-84,
1573,"Jun  5, 2025 00:37:51.590452795 CEST",40:ee:dd:0e:38:54,2917,305,-85,
1581,"Jun  5, 2025 00:37:51.690859348 CEST",40:ee:dd:0e:38:54,2918,305,-84,
1625,"Jun  5, 2025 00:37:52.192565326 CEST",40:ee:dd:0e:38:54,2923,305,-84,
1718,"Jun  5, 2025 00:37:53.296426648 CEST",40:ee:dd:0e:38:54,2934,305,-85,
1794,"Jun  5, 2025 00:37:54.400285526 CEST",40:ee:dd:0e:38:54,2945,305,-85,
1874,"Jun  5, 2025 00:37:55.102768851 CEST",40:ee:dd:0e:38:54,2952,305,-85,
1913,"Jun  5, 2025 00:37:55.704866087 CEST",40:ee:dd:0e:38:54,2958,305,-87,
1977,"Jun  5, 2025 00:37:56.306971914 CEST",40:ee:dd:0e:38:54,2964,305,-85,
2073,"Jun  5, 2025 00:37:56.909063632 CEST",40:ee:dd:0e:38:54,2970,305,-86,
2099,"Jun  5, 2025 00:37:57.210119723 CEST",40:ee:dd:0e:38:54,2973,305,-85,
2144,"Jun  5, 2025 00:37:57.511171624 CEST",40:ee:dd:0e:38:54,2976,305,-85,
2264,"Jun  5, 2025 00:37:58.313994385 CEST",40:ee:dd:0e:38:54,2985,305,-87,
2278,"Jun  5, 2025 00:37:58.414335916 CEST",40:ee:dd:0e:38:54,2986,305,-86,
2430,"Jun  5, 2025 00:37:59.417857942 CEST",40:ee:dd:0e:38:54,2996,305,-85,
2445,"Jun  5, 2025 00:37:59.518195981 CEST",40:ee:dd:0e:38:54,2997,305,-86,
2499,"Jun  5, 2025 00:38:00.019953851 CEST",40:ee:dd:0e:38:54,3002,305,-87,
2678,"Jun  5, 2025 00:38:01.826273635 CEST",40:ee:dd:0e:38:54,3020,305,-85,
2730,"Jun  5, 2025 00:38:02.227680686 CEST",40:ee:dd:0e:38:54,3024,305,-86,
2918,"Jun  5, 2025 00:38:04.535759178 CEST",40:ee:dd:0e:38:54,3051,305,-85,
3021,"Jun  5, 2025 00:38:05.438941419 CEST",40:ee:dd:0e:38:54,3061,305,-87,
3143,"Jun  5, 2025 00:38:06.342104454 CEST",40:ee:dd:0e:38:54,3070,305,-86,
3242,"Jun  5, 2025 00:38:07.044559285 CEST",40:ee:dd:0e:38:54,3077,305,-86,
3543,"Jun  5, 2025 00:38:09.252303440 CEST",40:ee:dd:0e:38:54,3100,305,-85,
3766,"Jun  5, 2025 00:38:11.359666325 CEST",40:ee:dd:0e:38:54,3122,305,-86,
3820,"Jun  5, 2025 00:38:11.961771802 CEST",40:ee:dd:0e:38:54,3128,305,-86,
3835,"Jun  5, 2025 00:38:12.262813086 CEST",40:ee:dd:0e:38:54,3131,305,-86,
3874,"Jun  5, 2025 00:38:12.764586531 CEST",40:ee:dd:0e:38:54,3136,305,-85,
3941,"Jun  5, 2025 00:38:13.870484914 CEST",40:ee:dd:0e:38:54,3149,305,-87,
4243,"Jun  5, 2025 00:38:16.979316491 CEST",40:ee:dd:0e:38:54,3182,305,-87,
4263,"Jun  5, 2025 00:38:17.280378798 CEST",40:ee:dd:0e:38:54,3187,305,-87,
4479,"Jun  5, 2025 00:38:19.287410418 CEST",40:ee:dd:0e:38:54,3209,305,-83,
4497,"Jun  5, 2025 00:38:19.488212560 CEST",40:ee:dd:0e:38:54,3211,305,-84,
4508,"Jun  5, 2025 00:38:19.588476567 CEST",40:ee:dd:0e:38:54,3212,305,-86,
4522,"Jun  5, 2025 00:38:19.989857357 CEST",40:ee:dd:0e:38:54,3216,305,-85,
4524,"Jun  5, 2025 00:38:20.090218024 CEST",40:ee:dd:0e:38:54,3217,305,-85,
4528,"Jun  5, 2025 00:38:20.190558298 CEST",40:ee:dd:0e:38:54,3218,305,-82,
4537,"Jun  5, 2025 00:38:20.491611456 CEST",40:ee:dd:0e:38:54,3221,305,-84,
4545,"Jun  5, 2025 00:38:20.692335095 CEST",40:ee:dd:0e:38:54,3223,305,-84,
4570,"Jun  5, 2025 00:38:20.993401103 CEST",40:ee:dd:0e:38:54,3226,305,-84,
4616,"Jun  5, 2025 00:38:21.394827011 CEST",40:ee:dd:0e:38:54,3230,305,-83,
4634,"Jun  5, 2025 00:38:21.595483533 CEST",40:ee:dd:0e:38:54,3232,305,-85,
4665,"Jun  5, 2025 00:38:21.896531732 CEST",40:ee:dd:0e:38:54,3236,305,-84,
4675,"Jun  5, 2025 00:38:22.197597810 CEST",40:ee:dd:0e:38:54,3239,305,-84,
4727,"Jun  5, 2025 00:38:22.799691904 CEST",40:ee:dd:0e:38:54,3245,305,-84,
4767,"Jun  5, 2025 00:38:23.301448377 CEST",40:ee:dd:0e:38:54,3250,305,-85,
4824,"Jun  5, 2025 00:38:24.304962301 CEST",40:ee:dd:0e:38:54,3260,305,-85,
4849,"Jun  5, 2025 00:38:24.606024748 CEST",40:ee:dd:0e:38:54,3263,305,-84,
4913,"Jun  5, 2025 00:38:25.910580097 CEST",40:ee:dd:0e:38:54,3276,305,-84,
4952,"Jun  5, 2025 00:38:26.211740042 CEST",40:ee:dd:0e:38:54,3279,305,-86,
5034,"Jun  5, 2025 00:38:27.014462371 CEST",40:ee:dd:0e:38:54,3287,305,-86,
5166,"Jun  5, 2025 00:38:28.318995092 CEST",40:ee:dd:0e:38:54,3300,305,-86,
5182,"Jun  5, 2025 00:38:28.419370356 CEST",40:ee:dd:0e:38:54,3301,305,-85,
5196,"Jun  5, 2025 00:38:28.620844929 CEST",40:ee:dd:0e:38:54,3303,305,-87,
5218,"Jun  5, 2025 00:38:28.921123547 CEST",40:ee:dd:0e:38:54,3306,305,-86,
5269,"Jun  5, 2025 00:38:29.523250116 CEST",40:ee:dd:0e:38:54,3312,305,-86,
5296,"Jun  5, 2025 00:38:30.024999186 CEST",40:ee:dd:0e:38:54,3317,305,-86,
5302,"Jun  5, 2025 00:38:30.225708369 CEST",40:ee:dd:0e:38:54,3320,305,-85,
5316,"Jun  5, 2025 00:38:30.526773818 CEST",40:ee:dd:0e:38:54,3323,305,-85,
5322,"Jun  5, 2025 00:38:30.627126663 CEST",40:ee:dd:0e:38:54,3324,305,-86,
5326,"Jun  5, 2025 00:38:30.727458277 CEST",40:ee:dd:0e:38:54,3325,305,-84,
5340,"Jun  5, 2025 00:38:30.827792265 CEST",40:ee:dd:0e:38:54,3326,305,-83,
5380,"Jun  5, 2025 00:38:31.229195893 CEST",40:ee:dd:0e:38:54,3330,305,-84,
5410,"Jun  5, 2025 00:38:31.530355279 CEST",40:ee:dd:0e:38:54,3333,305,-83,
5422,"Jun  5, 2025 00:38:31.730987846 CEST",40:ee:dd:0e:38:54,3335,305,-84,
5458,"Jun  5, 2025 00:38:31.931656730 CEST",40:ee:dd:0e:38:54,3337,305,-84,
5488,"Jun  5, 2025 00:38:32.333068529 CEST",40:ee:dd:0e:38:54,3342,305,-85,
5569,"Jun  5, 2025 00:38:33.336607946 CEST",40:ee:dd:0e:38:54,3356,305,-85,
5574,"Jun  5, 2025 00:38:33.436949617 CEST",40:ee:dd:0e:38:54,3357,305,-85,
5759,"Jun  5, 2025 00:38:36.046069184 CEST",40:ee:dd:0e:38:54,3383,305,-85,
5838,"Jun  5, 2025 00:38:36.949225165 CEST",40:ee:dd:0e:38:54,3394,305,-85,
5845,"Jun  5, 2025 00:38:37.049577940 CEST",40:ee:dd:0e:38:54,3395,305,-84,
5856,"Jun  5, 2025 00:38:37.350639968 CEST",40:ee:dd:0e:38:54,3398,305,-85,
5958,"Jun  5, 2025 00:38:38.454518680 CEST",40:ee:dd:0e:38:54,3409,305,-85,
5963,"Jun  5, 2025 00:38:38.554848059 CEST",40:ee:dd:0e:38:54,3410,305,-86,
5983,"Jun  5, 2025 00:38:38.855907432 CEST",40:ee:dd:0e:38:54,3413,305,-84,
6008,"Jun  5, 2025 00:38:39.156976654 CEST",40:ee:dd:0e:38:54,3416,305,-84,
6020,"Jun  5, 2025 00:38:39.257297931 CEST",40:ee:dd:0e:38:54,3417,305,-85,
6028,"Jun  5, 2025 00:38:39.357662579 CEST",40:ee:dd:0e:38:54,3418,305,-84,
6053,"Jun  5, 2025 00:38:39.558353463 CEST",40:ee:dd:0e:38:54,3420,305,-85,
6072,"Jun  5, 2025 00:38:39.959770291 CEST",40:ee:dd:0e:38:54,3424,305,-85,
6081,"Jun  5, 2025 00:38:40.160466553 CEST",40:ee:dd:0e:38:54,3426,305,-86,
6115,"Jun  5, 2025 00:38:40.662250474 CEST",40:ee:dd:0e:38:54,3431,305,-86,
6142,"Jun  5, 2025 00:38:40.963275765 CEST",40:ee:dd:0e:38:54,3434,305,-84,
6185,"Jun  5, 2025 00:38:41.364697272 CEST",40:ee:dd:0e:38:54,3438,305,-84,
6200,"Jun  5, 2025 00:38:41.665740862 CEST",40:ee:dd:0e:38:54,3441,305,-88,
6226,"Jun  5, 2025 00:38:41.966809245 CEST",40:ee:dd:0e:38:54,3444,305,-85,
6287,"Jun  5, 2025 00:38:42.769611263 CEST",40:ee:dd:0e:38:54,3452,305,-84,
6308,"Jun  5, 2025 00:38:42.869950629 CEST",40:ee:dd:0e:38:54,3455,305,-85,
6352,"Jun  5, 2025 00:38:43.572519091 CEST",40:ee:dd:0e:38:54,3462,305,-87,
6359,"Jun  5, 2025 00:38:43.773121346 CEST",40:ee:dd:0e:38:54,3464,305,-84,
6410,"Jun  5, 2025 00:38:44.274888086 CEST",40:ee:dd:0e:38:54,3469,305,-86,
6415,"Jun  5, 2025 00:38:44.375237090 CEST",40:ee:dd:0e:38:54,3470,305,-86,
6485,"Jun  5, 2025 00:38:45.679816185 CEST",40:ee:dd:0e:38:54,3484,305,-85,
6495,"Jun  5, 2025 00:38:45.780138719 CEST",40:ee:dd:0e:38:54,3485,305,-85,
6526,"Jun  5, 2025 00:38:46.081206963 CEST",40:ee:dd:0e:38:54,3488,305,-86,
6550,"Jun  5, 2025 00:38:46.281911047 CEST",40:ee:dd:0e:38:54,3490,305,-84,
6633,"Jun  5, 2025 00:38:47.084698049 CEST",40:ee:dd:0e:38:54,3498,305,-85,
6637,"Jun  5, 2025 00:38:47.185062697 CEST",40:ee:dd:0e:38:54,3499,305,-84,
6678,"Jun  5, 2025 00:38:47.686833209 CEST",40:ee:dd:0e:38:54,3504,305,-87,
6745,"Jun  5, 2025 00:38:48.389264433 CEST",40:ee:dd:0e:38:54,3511,305,-84,
6757,"Jun  5, 2025 00:38:48.489636065 CEST",40:ee:dd:0e:38:54,3512,305,-85,
6771,"Jun  5, 2025 00:38:48.589964885 CEST",40:ee:dd:0e:38:54,3513,305,-88,
6859,"Jun  5, 2025 00:38:49.593605781 CEST",40:ee:dd:0e:38:54,3523,305,-86,
6866,"Jun  5, 2025 00:38:49.693838429 CEST",40:ee:dd:0e:38:54,3524,305,-83,
6872,"Jun  5, 2025 00:38:49.805451156 CEST",40:ee:dd:0e:38:54,3525,305,-85,
6881,"Jun  5, 2025 00:38:49.994920781 CEST",40:ee:dd:0e:38:54,3527,305,-85,
6909,"Jun  5, 2025 00:38:50.597008239 CEST",40:ee:dd:0e:38:54,3533,305,-85,
6944,"Jun  5, 2025 00:38:50.998404604 CEST",40:ee:dd:0e:38:54,3537,305,-85,
6990,"Jun  5, 2025 00:38:51.399802086 CEST",40:ee:dd:0e:38:54,3541,305,-87,
7010,"Jun  5, 2025 00:38:51.600525167 CEST",40:ee:dd:0e:38:54,3543,305,-84,
7014,"Jun  5, 2025 00:38:51.700878431 CEST",40:ee:dd:0e:38:54,3544,305,-85,
7018,"Jun  5, 2025 00:38:51.801212209 CEST",40:ee:dd:0e:38:54,3545,305,-87,
7046,"Jun  5, 2025 00:38:52.001921322 CEST",40:ee:dd:0e:38:54,3547,305,-85,
7053,"Jun  5, 2025 00:38:52.102264250 CEST",40:ee:dd:0e:38:54,3548,305,-87,
7060,"Jun  5, 2025 00:38:52.302966867 CEST",40:ee:dd:0e:38:54,3550,305,-84,
7069,"Jun  5, 2025 00:38:52.403312169 CEST",40:ee:dd:0e:38:54,3551,305,-85,
7139,"Jun  5, 2025 00:38:53.306486728 CEST",40:ee:dd:0e:38:54,3560,305,-85,
7145,"Jun  5, 2025 00:38:53.406842017 CEST",40:ee:dd:0e:38:54,3561,305,-84,
7153,"Jun  5, 2025 00:38:53.507188437 CEST",40:ee:dd:0e:38:54,3562,305,-84,
7160,"Jun  5, 2025 00:38:53.607531854 CEST",40:ee:dd:0e:38:54,3563,305,-85,
7164,"Jun  5, 2025 00:38:53.707888051 CEST",40:ee:dd:0e:38:54,3564,305,-84,
7252,"Jun  5, 2025 00:38:54.611051505 CEST",40:ee:dd:0e:38:54,3573,305,-85,
7283,"Jun  5, 2025 00:38:55.012466657 CEST",40:ee:dd:0e:38:54,3577,305,-85,
7292,"Jun  5, 2025 00:38:55.213143922 CEST",40:ee:dd:0e:38:54,3579,305,-85,
7340,"Jun  5, 2025 00:38:56.015986937 CEST",40:ee:dd:0e:38:54,3587,305,-87,
7399,"Jun  5, 2025 00:38:56.618071253 CEST",40:ee:dd:0e:38:54,3593,305,-85,
7403,"Jun  5, 2025 00:38:56.720611527 CEST",40:ee:dd:0e:38:54,3594,305,-87,
7420,"Jun  5, 2025 00:38:56.818808022 CEST",40:ee:dd:0e:38:54,3595,305,-86,
7433,"Jun  5, 2025 00:38:56.919146410 CEST",40:ee:dd:0e:38:54,3596,305,-86,
7446,"Jun  5, 2025 00:38:57.019489338 CEST",40:ee:dd:0e:38:54,3597,305,-86,
7463,"Jun  5, 2025 00:38:57.420894712 CEST",40:ee:dd:0e:38:54,3601,305,-85,
7615,"Jun  5, 2025 00:38:59.026584025 CEST",40:ee:dd:0e:38:54,3618,305,-86,
7638,"Jun  5, 2025 00:38:59.227221690 CEST",40:ee:dd:0e:38:54,3620,305,-86,
7736,"Jun  5, 2025 00:39:00.832821955 CEST",40:ee:dd:0e:38:54,3637,305,-86,
7748,"Jun  5, 2025 00:39:01.033549017 CEST",40:ee:dd:0e:38:54,3639,305,-86,
7764,"Jun  5, 2025 00:39:01.133872948 CEST",40:ee:dd:0e:38:54,3640,305,-86,
7816,"Jun  5, 2025 00:39:01.736003079 CEST",40:ee:dd:0e:38:54,3648,305,-87,
7853,"Jun  5, 2025 00:39:02.137407546 CEST",40:ee:dd:0e:38:54,3652,305,-86,
7990,"Jun  5, 2025 00:39:03.943719996 CEST",40:ee:dd:0e:38:54,3682,305,-88,
8037,"Jun  5, 2025 00:39:04.345127815 CEST",40:ee:dd:0e:38:54,3686,305,-86,
8115,"Jun  5, 2025 00:39:05.248271504 CEST",40:ee:dd:0e:38:54,3696,305,-84,
8131,"Jun  5, 2025 00:39:05.649713405 CEST",40:ee:dd:0e:38:54,3701,305,-83,
8138,"Jun  5, 2025 00:39:05.750054028 CEST",40:ee:dd:0e:38:54,3702,305,-86,
8143,"Jun  5, 2025 00:39:05.850402054 CEST",40:ee:dd:0e:38:54,3703,305,-86,
8173,"Jun  5, 2025 00:39:06.051092519 CEST",40:ee:dd:0e:38:54,3705,305,-85,
8189,"Jun  5, 2025 00:39:06.151435656 CEST",40:ee:dd:0e:38:54,3706,305,-85,
104,"Jun  5, 2025 00:37:37.109016643 CEST",3a:07:16:cb:a7:f4,2830,384,-84,
407,"Jun  5, 2025 00:37:39.937325466 CEST",3a:07:16:cb:a7:f4,2853,384,-83,
442,"Jun  5, 2025 00:37:40.181009387 CEST",3a:07:16:cb:a7:f4,2855,384,-83,
497,"Jun  5, 2025 00:37:40.550782457 CEST",3a:07:16:cb:a7:f4,2858,384,-84,
961,"Jun  5, 2025 00:37:44.850518897 CEST",3a:07:16:cb:a7:f4,2893,384,-84,
975,"Jun  5, 2025 00:37:45.096167383 CEST",3a:07:16:cb:a7:f4,2895,384,-83,
984,"Jun  5, 2025 00:37:45.341944797 CEST",3a:07:16:cb:a7:f4,2897,384,-82,
1009,"Jun  5, 2025 00:37:45.710564437 CEST",3a:07:16:cb:a7:f4,2900,384,-83,
1029,"Jun  5, 2025 00:37:45.956321527 CEST",3a:07:16:cb:a7:f4,2902,384,-83,
1114,"Jun  5, 2025 00:37:46.695732873 CEST",3a:07:16:cb:a7:f4,2908,384,-83,
1149,"Jun  5, 2025 00:37:46.941472572 CEST",3a:07:16:cb:a7:f4,2910,384,-83,
1162,"Jun  5, 2025 00:37:47.185116194 CEST",3a:07:16:cb:a7:f4,2912,384,-83,
1168,"Jun  5, 2025 00:37:47.307994111 CEST",3a:07:16:cb:a7:f4,2913,384,-82,
1240,"Jun  5, 2025 00:37:47.922394517 CEST",3a:07:16:cb:a7:f4,2918,384,-84,
1350,"Jun  5, 2025 00:37:49.028983281 CEST",3a:07:16:cb:a7:f4,2927,384,-83,
1407,"Jun  5, 2025 00:37:49.519939848 CEST",3a:07:16:cb:a7:f4,2931,384,-83,
1427,"Jun  5, 2025 00:37:49.767774715 CEST",3a:07:16:cb:a7:f4,2933,384,-83,
1457,"Jun  5, 2025 00:37:50.379978753 CEST",3a:07:16:cb:a7:f4,2938,384,-84,
1535,"Jun  5, 2025 00:37:51.242267945 CEST",3a:07:16:cb:a7:f4,2945,384,-84,
1788,"Jun  5, 2025 00:37:54.312105946 CEST",3a:07:16:cb:a7:f4,2970,384,-84,
1904,"Jun  5, 2025 00:37:55.543071840 CEST",3a:07:16:cb:a7:f4,2980,384,-84,
2949,"Jun  5, 2025 00:38:04.879806770 CEST",3a:07:16:cb:a7:f4,3056,384,-83,
3535,"Jun  5, 2025 00:38:09.180606404 CEST",3a:07:16:cb:a7:f4,3091,384,-84,
3781,"Jun  5, 2025 00:38:11.515830317 CEST",3a:07:16:cb:a7:f4,3110,384,-86,
3840,"Jun  5, 2025 00:38:12.377614766 CEST",3a:07:16:cb:a7:f4,3117,384,-85,
3923,"Jun  5, 2025 00:38:13.358407855 CEST",3a:07:16:cb:a7:f4,3125,384,-84,
4022,"Jun  5, 2025 00:38:14.710134006 CEST",3a:07:16:cb:a7:f4,3136,384,-86,
4092,"Jun  5, 2025 00:38:15.818269475 CEST",3a:07:16:cb:a7:f4,3145,384,-84,
4279,"Jun  5, 2025 00:38:17.659195825 CEST",3a:07:16:cb:a7:f4,3160,384,-82,
4451,"Jun  5, 2025 00:38:19.133798776 CEST",3a:07:16:cb:a7:f4,3172,384,-82,
4510,"Jun  5, 2025 00:38:19.625313444 CEST",3a:07:16:cb:a7:f4,3176,384,-84,
4536,"Jun  5, 2025 00:38:20.487694128 CEST",3a:07:16:cb:a7:f4,3183,384,-84,
4569,"Jun  5, 2025 00:38:20.976918142 CEST",3a:07:16:cb:a7:f4,3187,384,-83,
4626,"Jun  5, 2025 00:38:21.468511172 CEST",3a:07:16:cb:a7:f4,3191,384,-82,
4633,"Jun  5, 2025 00:38:21.591313031 CEST",3a:07:16:cb:a7:f4,3192,384,-84,
4666,"Jun  5, 2025 00:38:21.960712589 CEST",3a:07:16:cb:a7:f4,3195,384,-83,
4758,"Jun  5, 2025 00:38:23.065865346 CEST",3a:07:16:cb:a7:f4,3204,384,-84,
4761,"Jun  5, 2025 00:38:23.188922964 CEST",3a:07:16:cb:a7:f4,3205,384,-83,
4769,"Jun  5, 2025 00:38:23.311656379 CEST",3a:07:16:cb:a7:f4,3206,384,-83,
4779,"Jun  5, 2025 00:38:23.557517881 CEST",3a:07:16:cb:a7:f4,3208,384,-83,
4956,"Jun  5, 2025 00:38:26.260730071 CEST",3a:07:16:cb:a7:f4,3230,384,-83,
5153,"Jun  5, 2025 00:38:28.103925354 CEST",3a:07:16:cb:a7:f4,3245,384,-83,
5252,"Jun  5, 2025 00:38:29.335039869 CEST",3a:07:16:cb:a7:f4,3255,384,-84,
5289,"Jun  5, 2025 00:38:29.947106739 CEST",3a:07:16:cb:a7:f4,3260,384,-83,
5309,"Jun  5, 2025 00:38:30.315743910 CEST",3a:07:16:cb:a7:f4,3263,384,-83,
5411,"Jun  5, 2025 00:38:31.544538927 CEST",3a:07:16:cb:a7:f4,3273,384,-84,
5431,"Jun  5, 2025 00:38:31.792658258 CEST",3a:07:16:cb:a7:f4,3275,384,-84,
5474,"Jun  5, 2025 00:38:32.158954559 CEST",3a:07:16:cb:a7:f4,3278,384,-83,
5515,"Jun  5, 2025 00:38:32.650465595 CEST",3a:07:16:cb:a7:f4,3282,384,-83,
5582,"Jun  5, 2025 00:38:33.636162030 CEST",3a:07:16:cb:a7:f4,3290,384,-84,
5674,"Jun  5, 2025 00:38:34.864651212 CEST",3a:07:16:cb:a7:f4,3300,384,-82,
5683,"Jun  5, 2025 00:38:34.985212632 CEST",3a:07:16:cb:a7:f4,3301,384,-83,
5695,"Jun  5, 2025 00:38:35.230913220 CEST",3a:07:16:cb:a7:f4,3303,384,-83,
5713,"Jun  5, 2025 00:38:35.476666539 CEST",3a:07:16:cb:a7:f4,3305,384,-84,
5721,"Jun  5, 2025 00:38:35.599551090 CEST",3a:07:16:cb:a7:f4,3306,384,-82,
5801,"Jun  5, 2025 00:38:36.459709494 CEST",3a:07:16:cb:a7:f4,3313,384,-81,
6009,"Jun  5, 2025 00:38:39.165433455 CEST",3a:07:16:cb:a7:f4,3335,384,-84,
6138,"Jun  5, 2025 00:38:40.883360714 CEST",3a:07:16:cb:a7:f4,3349,384,-83,
6165,"Jun  5, 2025 00:38:41.129119270 CEST",3a:07:16:cb:a7:f4,3351,384,-82,
6175,"Jun  5, 2025 00:38:41.252002983 CEST",3a:07:16:cb:a7:f4,3352,384,-82,
6227,"Jun  5, 2025 00:38:41.991683916 CEST",3a:07:16:cb:a7:f4,3358,384,-84,
6420,"Jun  5, 2025 00:38:44.446893200 CEST",3a:07:16:cb:a7:f4,3378,384,-82,
6471,"Jun  5, 2025 00:38:45.307026252 CEST",3a:07:16:cb:a7:f4,3385,384,-82,
6744,"Jun  5, 2025 00:38:48.379006844 CEST",3a:07:16:cb:a7:f4,3410,384,-82,
6819,"Jun  5, 2025 00:38:49.239151210 CEST",3a:07:16:cb:a7:f4,3417,384,-83,
6835,"Jun  5, 2025 00:38:49.362029894 CEST",3a:07:16:cb:a7:f4,3418,384,-83,
6868,"Jun  5, 2025 00:38:49.730667205 CEST",3a:07:16:cb:a7:f4,3421,384,-82,
6877,"Jun  5, 2025 00:38:49.976427577 CEST",3a:07:16:cb:a7:f4,3423,384,-83,
6894,"Jun  5, 2025 00:38:50.222185505 CEST",3a:07:16:cb:a7:f4,3425,384,-84,
6925,"Jun  5, 2025 00:38:50.836581791 CEST",3a:07:16:cb:a7:f4,3430,384,-84,
6971,"Jun  5, 2025 00:38:51.205220917 CEST",3a:07:16:cb:a7:f4,3433,384,-82,
7008,"Jun  5, 2025 00:38:51.573856412 CEST",3a:07:16:cb:a7:f4,3436,384,-84,
7013,"Jun  5, 2025 00:38:51.696756049 CEST",3a:07:16:cb:a7:f4,3437,384,-82,
7019,"Jun  5, 2025 00:38:51.819615457 CEST",3a:07:16:cb:a7:f4,3438,384,-83,
7050,"Jun  5, 2025 00:38:52.065378344 CEST",3a:07:16:cb:a7:f4,3440,384,-83,
7061,"Jun  5, 2025 00:38:52.311132081 CEST",3a:07:16:cb:a7:f4,3442,384,-83,
7138,"Jun  5, 2025 00:38:53.294175525 CEST",3a:07:16:cb:a7:f4,3450,384,-83,
7156,"Jun  5, 2025 00:38:53.539931567 CEST",3a:07:16:cb:a7:f4,3452,384,-83,
7169,"Jun  5, 2025 00:38:53.908560777 CEST",3a:07:16:cb:a7:f4,3455,384,-83,
7183,"Jun  5, 2025 00:38:54.154340495 CEST",3a:07:16:cb:a7:f4,3457,384,-85,
7198,"Jun  5, 2025 00:38:54.277202976 CEST",3a:07:16:cb:a7:f4,3458,384,-83,
7246,"Jun  5, 2025 00:38:54.522977805 CEST",3a:07:16:cb:a7:f4,3460,384,-84,
7289,"Jun  5, 2025 00:38:55.137367107 CEST",3a:07:16:cb:a7:f4,3465,384,-84,
7297,"Jun  5, 2025 00:38:55.383113022 CEST",3a:07:16:cb:a7:f4,3467,384,-83,
7322,"Jun  5, 2025 00:38:55.751757806 CEST",3a:07:16:cb:a7:f4,3470,384,-83,
7432,"Jun  5, 2025 00:38:56.857650462 CEST",3a:07:16:cb:a7:f4,3479,384,-82,
7450,"Jun  5, 2025 00:38:57.103422498 CEST",3a:07:16:cb:a7:f4,3481,384,-83,
7459,"Jun  5, 2025 00:38:57.349190692 CEST",3a:07:16:cb:a7:f4,3483,384,-83,
7487,"Jun  5, 2025 00:38:57.594938004 CEST",3a:07:16:cb:a7:f4,3485,384,-83,
7618,"Jun  5, 2025 00:38:59.069491856 CEST",3a:07:16:cb:a7:f4,3497,384,-83,
7627,"Jun  5, 2025 00:38:59.192365931 CEST",3a:07:16:cb:a7:f4,3498,384,-83,
7672,"Jun  5, 2025 00:38:59.561012530 CEST",3a:07:16:cb:a7:f4,3501,384,-84,
7704,"Jun  5, 2025 00:39:00.421165766 CEST",3a:07:16:cb:a7:f4,3508,384,-84,
7715,"Jun  5, 2025 00:39:00.666935567 CEST",3a:07:16:cb:a7:f4,3510,384,-83,
7812,"Jun  5, 2025 00:39:01.649975380 CEST",3a:07:16:cb:a7:f4,3518,384,-85,
7830,"Jun  5, 2025 00:39:01.772843798 CEST",3a:07:16:cb:a7:f4,3519,384,-84,
7874,"Jun  5, 2025 00:39:02.510112622 CEST",3a:07:16:cb:a7:f4,3525,384,-83,
7903,"Jun  5, 2025 00:39:02.755882423 CEST",3a:07:16:cb:a7:f4,3527,384,-83,
7932,"Jun  5, 2025 00:39:03.001629665 CEST",3a:07:16:cb:a7:f4,3529,384,-83,
7944,"Jun  5, 2025 00:39:03.124509956 CEST",3a:07:16:cb:a7:f4,3530,384,-82,
7993,"Jun  5, 2025 00:39:03.984677858 CEST",3a:07:16:cb:a7:f4,3537,384,-84,
7997,"Jun  5, 2025 00:39:04.107562689 CEST",3a:07:16:cb:a7:f4,3538,384,-85,
8038,"Jun  5, 2025 00:39:04.353294775 CEST",3a:07:16:cb:a7:f4,3540,384,-84,
8052,"Jun  5, 2025 00:39:04.599060037 CEST",3a:07:16:cb:a7:f4,3542,384,-83,
8191,"Jun  5, 2025 00:39:06.196494180 CEST",3a:07:16:cb:a7:f4,3555,384,-83,
-1,dummy,c4:ea:1d:53:75:c3,-1,-1,-100,True
-1,dummy,c4:ea:1d:53:75:c3,-1,-1,-100,True
-1,dummy,c4:ea:1d:53:75:c3,-1,-1,-100,True
-1,dummy,c4:ea:1d:53:75:c3,-1,-1,-100,True
-1,dummy,c4:ea:1d:53:75:c3,-1,-1,-100,True
-1,dummy,c4:ea:1d:53:75:c3,-1,-1,-100,True
-1,dummy,c4:ea:1d:53:75:c3,-1,-1,-100,True
-1,dummy,c4:ea:1d:53:75:c3,-1,-1,-100,True
-1,dummy,c4:ea:1d:53:75:c3,-1,-1,-100,True
-1,dummy,c4:ea:1d:53:75:c3,-1,-1,-100,True
-1,dummy,c4:ea:1d:53:75:c3,-1,-1,-100,True
-1,dummy,c4:ea:1d:53:75:c3,-1,-1,-100,True
-1,dummy,c4:ea:1d:53:75:c3,-1,-1,-100,True
-1,dummy,c4:ea:1d:53:75:c3,-1,-1,-100,True
-1,dummy,c4:ea:1d:53:75:c3,-1,-1,-100,True
-1,dummy,c4:ea:1d:53:75:c3,-1,-1,-100,True
-1,dummy,c4:ea:1d:53:75:c3,-1,-1,-100,True
-1,dummy,c4:ea:1d:53:75:c3,-1,-1,-100,True
-1,dummy,c4:ea:1d:53:75:c3,-1,-1,-100,True
-1,dummy,c4:ea:1d:53:75:c3,-1,-1,-100,True
-1,dummy,c4:ea:1d:53:75:c3,-1,-1,-100,True
-1,dummy,c4:ea:1d:53:75:c3,-1,-1,-100,True
-1,dummy,c4:ea:1d:53:75:c3,-1,-1,-100,True
-1,dummy,c4:ea:1d:53:75:c3,-1,-1,-100,True
-1,dummy,c4:ea:1d:53:75:c3,-1,-1,-100,True
-1,dummy,c4:ea:1d:53:75:c3,-1,-1,-100,True
-1,dummy,c4:ea:1d:53:75:c3,-1,-1,-100,True
-1,dummy,c4:ea:1d:53:75:c3,-1,-1,-100,True
-1,dummy,c4:ea:1d:53:75:c3,-1,-1,-100,True
-1,dummy,c4:ea:1d:53:75:c3,-1,-1,-100,True
-1,dummy,c4:ea:1d:53:75:c3,-1,-1,-100,True
-1,dummy,c4:ea:1d:53:75:c3,-1,-1,-100,True
-1,dummy,c4:ea:1d:53:75:c3,-1,-1,-100,True
-1,dummy,c4:ea:1d:53:75:c3,-1,-1,-100,True
-1,dummy,c4:ea:1d:53:75:c3,-1,-1,-100,True
-1,dummy,c4:ea:1d:53:75:c3,-1,-1,-100,True
-1,dummy,c4:ea:1d:53:75:c3,-1,-1,-100,True
-1,dummy,c4:ea:1d:53:75:c3,-1,-1,-100,True
-1,dummy,c4:ea:1d:53:75:c3,-1,-1,-100,True
-1,dummy,c4:ea:1d:53:75:c3,-1,-1,-100,True
-1,dummy,c4:ea:1d:53:75:c3,-1,-1,-100,True
-1,dummy,c4:ea:1d:53:75:c3,-1,-1,-100,True
-1,dummy,c4:ea:1d:53:75:c3,-1,-1,-100,True
-1,dummy,c4:ea:1d:53:75:c3,-1,-1,-100,True
-1,dummy,c4:ea:1d:53:75:c3,-1,-1,-100,True
-1,dummy,c4:ea:1d:53:75:c3,-1,-1,-100,True
-1,dummy,c4:ea:1d:53:75:c3,-1,-1,-100,True
-1,dummy,c4:ea:1d:53:75:c3,-1,-1,-100,True
-1,dummy,c4:ea:1d:53:75:c3,-1,-1,-100,True
-1,dummy,c4:ea:1d:53:75:c3,-1,-1,-100,True
